Sec↓/Measure →;Valence;Arousal;Sym/Hap;Foc/Ang;Surprise;Dis/Sad;Valence;Arousal;Sym/Hap;Foc/Ang;Surprise;Dis/Sad;Valence;Arousal;Sym/Hap;Foc/Ang;Surprise;Dis/Sad;Valence;Arousal;Sym/Hap;Foc/Ang;Surprise;Dis/Sad;Valence;Arousal;Sym/Hap;Foc/Ang;Surprise;Dis/Sad;Valence;Arousal;Sym/Hap;Foc/Ang;Surprise;Dis/Sad;Valence;Arousal;Sym/Hap;Foc/Ang;Surprise;Dis/Sad;Valence;Arousal;Sym/Hap;Foc/Ang;Surprise;Dis/Sad;Valence;Arousal;Sym/Hap;Foc/Ang;Surprise;Dis/Sad;Valence;Arousal;Sym/Hap;Foc/Ang;Surprise;Dis/Sad;Valence;Arousal;Sym/Hap;Foc/Ang;Surprise;Dis/Sad;Valence;Arousal;Sym/Hap;Foc/Ang;Surprise;Dis/Sad;Valence;Arousal;Sym/Hap;Foc/Ang;Surprise;Dis/Sad;Valence;Arousal;Sym/Hap;Foc/Ang;Surprise;Dis/Sad;Valence;Arousal;Sym/Hap;Foc/Ang;Surprise;Dis/Sad;Valence;Arousal;Sym/Hap;Foc/Ang;Surprise;Dis/Sad;Valence;Arousal;Sym/Hap;Foc/Ang;Surprise;Dis/Sad;Valence;Arousal;Sym/Hap;Foc/Ang;Surprise;Dis/Sad;Valence;Arousal;Sym/Hap;Foc/Ang;Surprise;Dis/Sad;Valence;Arousal;Sym/Hap;Foc/Ang;Surprise;Dis/Sad;Valence;Arousal;Sym/Hap;Foc/Ang;Surprise;Dis/Sad;Valence;Arousal;Sym/Hap;Foc/Ang;Surprise;Dis/Sad;Valence;Arousal;Sym/Hap;Foc/Ang;Surprise;Dis/Sad;Valence;Arousal;Sym/Hap;Foc/Ang;Surprise;Dis/Sad;Valence;Arousal;Sym/Hap;Foc/Ang;Surprise;Dis/Sad;Valence;Arousal;Sym/Hap;Foc/Ang;Surprise;Dis/Sad;Valence;Arousal;Sym/Hap;Foc/Ang;Surprise;Dis/Sad;Valence;Arousal;Sym/Hap;Foc/Ang;Surprise;Dis/Sad;Valence;Arousal;Sym/Hap;Foc/Ang;Surprise;Dis/Sad;Valence;Arousal;Sym/Hap;Foc/Ang;Surprise;Dis/Sad
0;;;;;;;;;;;;;;;;;;;;;;;;;;;;;;;;;;;;;;;;;;;;;;;;;;;;;;;;;;;;;;;;;;;;;;;;;;;;;;;;;;;;;;;;;;;;;;;;;;;;;;;;;;;;;;;;;;;;;;;;;;;;;;;;;;;;;;;;;;;;;;;;;;;;;;;;;;;;;;;;;;;;;;;;;;;;;;;;;;;;
1;0.294;0.061;0.408;0.014;0.014;0.023;0.076;0.049;0.008;0.025;0.008;0.351;-0.265;-0.098;0.005;0.016;0.001;0.709;-0.25;0.035;0.001;0.091;0.005;0.356;0.063;0.022;0.002;0.13;0.006;0.558;-0.184;-0.006;0.004;0.172;0.004;0.356;-0.491;0.06;0.001;0.021;0;0.53;-0.239;0.17;0.026;0.051;0.002;0.069;-0.005;0.004;0.005;0.001;0;0.003;-0.269;-0.053;0.003;0.044;0;0.56;-0.191;0.109;0.004;0.224;0.012;0.261;0.04;-0.048;0.684;0.015;0.01;0.189;0.279;0.06;0.806;0.001;0.002;0.007;0.235;0.032;0.598;0.069;0.031;0.086;0.004;0.04;0.774;0.003;0.002;0.033;-0.296;-0.01;0.002;0.02;0;0.189;-0.424;-0.06;0;0.038;0.022;0.713;0.156;0.047;0.044;0.113;0.003;0.153;-0.199;0.082;0.001;0.164;0;0.466;0.071;0.059;0.371;0.061;0.004;0.122;0.118;0.032;0.01;0.013;0.001;0.098;0.42;0.042;0.663;0.001;0.005;0.014;-0.124;0.083;0.017;0.119;0.008;0.169;0.058;0.061;0.005;0.012;0.007;0.926;-0.183;-0.02;0.002;0.032;0.001;0.402;-0.177;0.061;0.004;0.211;0.012;0.26;-0.172;-0.054;0.009;0.005;0.001;0.225;-0.109;-0.07;0.024;0.02;0.001;0.477;-0.169;-0.104;0.011;0.037;0.001;0.273;-0.114;0.079;0.004;0.114;0.032;0.113
2;0.043;0.022;0.038;0.061;0.023;0.059;0.053;0.059;0.006;0.016;0.005;0.362;-0.2;0.004;0.004;0.03;0.002;0.167;-0.339;0.041;0;0.11;0.004;0.519;0.07;0.04;0.004;0.195;0.015;0.355;-0.102;0.007;0.012;0.18;0.006;0.298;-0.477;0.077;0.001;0.028;0;0.408;-0.209;0.184;0.015;0.035;0.001;0.042;-0.057;-0.002;0.01;0.003;0;0.027;-0.196;-0.028;0.001;0.076;0.001;0.639;-0.182;0.09;0.004;0.248;0.012;0.263;0.142;0.028;0.971;0;0.001;0.002;-0.058;0.043;0.41;0.005;0.001;0.079;-0.059;0.055;0.109;0.154;0.412;0.045;-0.085;0.039;0.327;0.003;0.004;0.103;-0.223;0.023;0.004;0.109;0.001;0.261;-0.428;-0.058;0;0.04;0.025;0.698;0.078;0.046;0.036;0.154;0.003;0.173;-0.13;0.037;0.001;0.08;0;0.44;0.091;0.039;0.038;0.096;0.003;0.228;0.159;0.019;0.01;0.013;0.001;0.102;0.392;0.012;0.564;0.001;0.003;0.021;-0.159;0.153;0.004;0.044;0.002;0.102;0.187;0.004;0.016;0.011;0.016;0.884;-0.26;-0.093;0.002;0.028;0;0.66;-0.234;0.059;0.002;0.106;0.006;0.425;-0.2;-0.054;0.008;0.005;0.001;0.251;-0.013;-0.006;0.013;0.07;0.003;0.167;-0.268;-0.088;0.003;0.029;0.001;0.247;-0.015;0.112;0.002;0.12;0.024;0.184
3;0.322;0.013;0.911;0.001;0.023;0.001;0.057;0.062;0.011;0.019;0.012;0.318;-0.168;0.01;0.005;0.042;0.003;0.313;-0.301;0.027;0;0.185;0.007;0.459;0.024;0.002;0.004;0.219;0.012;0.489;-0.187;0.031;0.023;0.085;0.007;0.191;-0.491;0.061;0.001;0.025;0;0.454;-0.204;0.198;0.009;0.036;0.002;0.034;-0.113;-0.008;0.003;0.001;0;0.008;-0.189;-0.031;0.001;0.065;0.001;0.626;-0.267;0.111;0.003;0.276;0.01;0.322;0.028;0.02;0.844;0.004;0.003;0.044;0.123;0.052;0.32;0.006;0.002;0.063;0.083;0.052;0.081;0.127;0.151;0.157;-0.201;0.05;0.237;0.01;0.003;0.154;-0.124;-0.01;0.005;0.038;0;0.19;-0.38;-0.035;0;0.076;0.085;0.462;-0.114;-0.017;0.029;0.079;0.002;0.16;-0.179;0.025;0.001;0.355;0.002;0.351;0.133;0.064;0.069;0.148;0.005;0.257;0.085;0.017;0.005;0.022;0.004;0.111;0.373;-0.017;0.347;0.005;0.003;0.049;-0.039;0.121;0.016;0.048;0.005;0.121;0.154;0.05;0.02;0.011;0.025;0.87;-0.11;-0.047;0.001;0.084;0.001;0.611;-0.209;0.033;0.005;0.115;0.004;0.343;0.474;0.019;0.534;0.001;0.002;0.013;-0.173;-0.307;0.004;0.014;0;0.599;-0.298;-0.065;0.002;0.015;0;0.227;-0.025;0.08;0.002;0.103;0.02;0.191
4;0.269;0.062;0.19;0.02;0.011;0.038;0.043;0.044;0.005;0.024;0.004;0.477;-0.16;-0.009;0.004;0.024;0.002;0.15;-0.359;0.044;0;0.189;0.006;0.567;0.038;-0.039;0.006;0.148;0.011;0.436;-0.202;-0.002;0.008;0.143;0.004;0.38;-0.499;0.053;0.001;0.027;0;0.438;-0.226;0.218;0.01;0.08;0.002;0.094;-0.133;-0.011;0.003;0.002;0;0.016;-0.2;-0.025;0.001;0.086;0.001;0.589;-0.26;0.08;0.001;0.355;0.011;0.298;-0.083;-0.025;0.566;0.014;0.012;0.293;-0.056;0.061;0.006;0.022;0;0.278;0.127;0.016;0.026;0.286;0.158;0.198;-0.164;0.14;0.191;0.006;0.003;0.129;-0.179;-0.017;0.002;0.06;0;0.293;-0.387;-0.036;0;0.074;0.088;0.475;-0.078;-0.016;0.025;0.131;0.003;0.281;-0.149;0.035;0.001;0.219;0.001;0.41;-0.007;0.032;0.1;0.049;0.002;0.229;0.029;0.026;0.003;0.022;0.004;0.176;0.367;-0.018;0.307;0.005;0.002;0.081;0.002;0.086;0.007;0.068;0.002;0.188;0.206;0.03;0.01;0.012;0.012;0.888;-0.195;-0.038;0.001;0.084;0.001;0.614;-0.223;0.092;0.005;0.141;0.009;0.308;-0.019;0.02;0.018;0.002;0.002;0.065;-0.164;-0.019;0.003;0.074;0.001;0.318;-0.276;-0.075;0.002;0.015;0;0.24;-0.121;0.059;0.003;0.148;0.025;0.156
5;0.017;0.058;0.01;0.022;0.015;0.037;0.027;0.03;0.003;0.025;0.003;0.445;-0.168;-0.021;0.004;0.02;0.002;0.165;-0.292;0.03;0;0.185;0.01;0.433;-0.046;0.011;0.003;0.187;0.012;0.489;-0.145;0.022;0.004;0.259;0.008;0.307;-0.463;0.079;0.001;0.026;0;0.488;-0.203;0.167;0.007;0.09;0.002;0.101;-0.111;-0.004;0.007;0.001;0;0.009;-0.214;-0.036;0.001;0.064;0.001;0.667;-0.294;0.127;0.002;0.323;0.011;0.337;0.013;-0.051;0.68;0.011;0.02;0.229;-0.049;0.057;0.003;0.021;0;0.302;0.204;0.01;0.014;0.264;0.038;0.305;-0.169;0.1;0.257;0.006;0.004;0.089;-0.139;-0.013;0.001;0.073;0;0.239;-0.384;-0.037;0;0.076;0.088;0.472;-0.14;0.026;0.014;0.214;0.003;0.256;-0.185;0.066;0.001;0.206;0.001;0.396;0.126;0.056;0.201;0.057;0.003;0.134;-0.024;0.029;0.002;0.021;0.009;0.169;0.323;-0.015;0.141;0.015;0.002;0.119;0.046;0.081;0.006;0.056;0.004;0.168;0.125;0.043;0.013;0.012;0.019;0.873;-0.166;-0.01;0.002;0.058;0.001;0.574;-0.193;0.12;0.004;0.175;0.015;0.301;-0.049;0.006;0.326;0.001;0.005;0.018;-0.14;-0.026;0.003;0.108;0.002;0.258;-0.342;-0.073;0.005;0.024;0;0.338;-0.111;0.034;0.003;0.091;0.002;0.197
6;0.006;0.057;0.015;0.028;0.026;0.048;0.033;0.042;0.005;0.027;0.006;0.431;-0.18;0.001;0.004;0.029;0.002;0.212;-0.329;0.041;0;0.169;0.005;0.455;-0.073;0.001;0.002;0.167;0.009;0.598;-0.174;0.03;0.005;0.215;0.009;0.321;-0.454;0.062;0.001;0.026;0;0.479;-0.283;0.173;0.004;0.124;0.001;0.221;-0.106;0.002;0.006;0.001;0;0.006;-0.148;-0.022;0.002;0.067;0.001;0.61;-0.225;0.111;0.001;0.334;0.01;0.356;0;-0.011;0.881;0.006;0.007;0.06;-0.107;0.038;0.002;0.019;0;0.428;0.173;-0.009;0.022;0.214;0.037;0.292;-0.16;0.163;0.03;0.015;0.002;0.281;-0.143;-0.024;0.001;0.055;0;0.408;-0.447;0.016;0;0.054;0.032;0.549;-0.136;0.041;0.012;0.268;0.003;0.209;-0.273;0.061;0.001;0.281;0.001;0.329;0.219;0.054;0.494;0.024;0.003;0.069;-0.034;0.022;0.002;0.019;0.006;0.181;0.344;-0.014;0.143;0.015;0.001;0.132;-0.112;0.154;0.002;0.039;0.002;0.111;0.053;0.151;0.01;0.014;0.02;0.851;-0.156;0.002;0.001;0.061;0.001;0.57;-0.162;0.035;0.002;0.222;0.005;0.395;-0.112;0.017;0.08;0.002;0.003;0.047;-0.126;-0.024;0.002;0.054;0.001;0.248;-0.341;-0.074;0.005;0.024;0;0.335;-0.144;0.055;0.002;0.047;0.018;0.097
7;0.01;0.045;0.005;0.081;0.038;0.05;0.028;0.03;0.003;0.025;0.002;0.402;-0.185;0.027;0.003;0.041;0.002;0.278;-0.308;0.065;0.001;0.168;0.007;0.387;-0.03;0.014;0.003;0.179;0.017;0.467;-0.194;-0.151;0.002;0.049;0.001;0.243;-0.391;0.121;0.001;0.023;0;0.462;-0.261;0.166;0.006;0.103;0.002;0.119;-0.11;0.002;0.007;0.001;0;0.008;-0.135;-0.019;0.004;0.061;0.001;0.597;-0.235;0.124;0.001;0.32;0.008;0.36;-0.064;-0.013;0.606;0.02;0.024;0.259;-0.083;0.042;0.001;0.026;0;0.389;0.19;0.022;0.026;0.293;0.024;0.159;-0.192;0.081;0.027;0.004;0.002;0.178;-0.167;-0.053;0.001;0.027;0;0.567;-0.446;0.015;0;0.053;0.031;0.548;-0.119;0.039;0.014;0.252;0.003;0.16;-0.162;0.069;0.001;0.329;0.001;0.363;0.218;0.062;0.417;0.033;0.004;0.073;-0.004;0.027;0.002;0.019;0.005;0.194;0.327;-0.004;0.166;0.009;0.002;0.083;-0.184;0.072;0.002;0.072;0.003;0.212;0.02;0.037;0.006;0.02;0.014;0.855;-0.175;-0.024;0.001;0.045;0.001;0.656;-0.156;0.054;0.002;0.206;0.007;0.386;-0.126;0.005;0.016;0.003;0.002;0.079;-0.18;-0.069;0.001;0.074;0.003;0.389;-0.301;-0.058;0.001;0.026;0;0.256;-0.076;0.1;0.001;0.071;0.016;0.151
8;0.153;0.051;0.046;0.041;0.01;0.072;0.034;0.035;0.004;0.028;0.003;0.407;-0.195;0.001;0.004;0.026;0.001;0.141;-0.188;0.03;0.001;0.115;0.005;0.511;-0.076;0.021;0.002;0.206;0.017;0.511;-0.098;0.07;0.001;0.184;0.017;0.286;-0.44;0.085;0.001;0.022;0;0.485;-0.272;0.184;0.002;0.102;0.002;0.098;-0.104;-0.001;0.008;0.001;0;0.007;-0.117;-0.015;0.003;0.075;0.001;0.564;-0.206;0.132;0.002;0.279;0.008;0.358;-0.114;-0.003;0.417;0.029;0.036;0.393;-0.141;0.044;0;0.033;0;0.507;0.179;0.015;0.012;0.343;0.026;0.189;-0.216;0.042;0.005;0.013;0.001;0.319;-0.149;-0.012;0.001;0.072;0;0.225;-0.446;0.015;0;0.054;0.031;0.547;-0.138;0.052;0.011;0.288;0.004;0.231;-0.31;0.243;0;0.698;0.001;0.19;0.262;0.058;0.494;0.022;0.003;0.088;-0.028;0.027;0.002;0.028;0.003;0.262;0.337;-0.004;0.147;0.015;0.002;0.109;-0.169;0.042;0.002;0.075;0.002;0.18;0.045;0.025;0.009;0.021;0.018;0.814;-0.183;0.011;0.001;0.053;0.001;0.598;-0.152;0.063;0.002;0.165;0.006;0.409;-0.135;0.016;0.008;0.003;0.002;0.073;-0.197;-0.041;0.001;0.136;0.002;0.421;-0.295;-0.057;0.001;0.027;0.001;0.243;-0.171;0.048;0.004;0.228;0.013;0.228
9;0.202;0.067;0.436;0.019;0.018;0.021;0.038;0.034;0.004;0.026;0.003;0.379;-0.143;0;0.004;0.018;0.002;0.119;-0.214;0.061;0;0.132;0.004;0.584;-0.11;0.022;0.003;0.295;0.015;0.377;-0.26;-0.211;0.011;0.091;0.003;0.467;-0.283;-0.034;0.001;0.011;0;0.544;-0.283;0.15;0.002;0.119;0.002;0.139;-0.079;0.011;0.013;0.001;0.001;0.005;-0.147;-0.011;0.003;0.065;0.001;0.628;-0.2;0.145;0.002;0.235;0.011;0.327;-0.119;0.003;0.662;0.018;0.015;0.183;-0.122;0.04;0;0.039;0;0.409;0.171;0.017;0.012;0.363;0.025;0.186;-0.233;0.04;0.004;0.015;0.001;0.253;-0.172;-0.013;0.001;0.072;0;0.322;-0.413;-0.024;0;0.05;0.033;0.686;-0.085;0.052;0.015;0.304;0.004;0.136;-0.27;0.184;0.001;0.415;0.001;0.315;0.343;0.052;0.673;0.011;0.003;0.049;-0.006;0.026;0.001;0.024;0.001;0.236;0.324;-0.013;0.155;0.009;0.002;0.082;-0.155;0.044;0.001;0.089;0.003;0.179;0.053;0.038;0.01;0.02;0.014;0.829;-0.194;-0.012;0.001;0.042;0;0.687;-0.109;0.039;0.004;0.176;0.011;0.321;-0.208;-0.003;0.002;0.01;0.001;0.399;-0.129;-0.018;0.001;0.048;0.002;0.248;-0.371;-0.05;0.001;0.03;0.001;0.349;-0.127;0.031;0.003;0.181;0.037;0.19
10;0.073;0.061;0.073;0.032;0.02;0.039;0.022;0.056;0.004;0.03;0.004;0.404;-0.188;0.013;0.004;0.043;0.002;0.332;-0.238;0.056;0;0.172;0.005;0.589;-0.069;0.019;0.006;0.177;0.016;0.371;0.276;0.034;0.686;0.007;0.003;0.063;-0.45;0.019;0.001;0.023;0;0.481;-0.256;0.176;0.002;0.159;0.003;0.159;-0.085;0.011;0.012;0.001;0.001;0.006;-0.126;-0.014;0.003;0.063;0.001;0.679;-0.199;0.164;0.002;0.219;0.011;0.295;-0.112;-0.001;0.665;0.016;0.011;0.184;-0.117;0.045;0;0.033;0;0.473;0.202;0.022;0.024;0.325;0.038;0.247;-0.266;0.062;0.007;0.015;0.001;0.474;-0.188;-0.009;0.001;0.076;0;0.268;-0.369;-0.02;0;0.06;0.048;0.659;-0.114;0.051;0.014;0.377;0.005;0.132;-0.267;0.126;0.001;0.335;0.001;0.391;0.192;0.064;0.17;0.098;0.004;0.149;-0.019;0.03;0.001;0.019;0.006;0.209;0.347;-0.005;0.33;0.006;0.002;0.06;-0.154;0.086;0.002;0.043;0.003;0.111;0.117;0.015;0.01;0.021;0.014;0.806;-0.223;-0.001;0.001;0.038;0;0.649;-0.11;0.048;0.003;0.21;0.009;0.361;-0.185;0.012;0.005;0.002;0.001;0.052;-0.126;-0.027;0.001;0.056;0.002;0.239;-0.371;-0.05;0.001;0.03;0.001;0.348;-0.124;0.082;0.003;0.228;0.092;0.192
11;0.122;0.043;0.12;0.031;0.029;0.032;0.04;0.037;0.003;0.028;0.002;0.382;-0.091;0.065;0.007;0.047;0.003;0.203;-0.265;0.047;0;0.206;0.007;0.525;-0.12;0.019;0.002;0.21;0.023;0.448;0.339;0.035;0.713;0.006;0.004;0.048;-0.415;0.062;0.001;0.023;0;0.492;-0.257;0.182;0.006;0.126;0.002;0.169;-0.095;0.006;0.013;0.001;0.001;0.008;-0.123;-0.008;0.002;0.071;0.001;0.667;-0.216;0.137;0.002;0.27;0.009;0.355;-0.097;-0.015;0.567;0.017;0.023;0.288;-0.094;0.044;0.001;0.03;0;0.486;0.214;0.022;0.022;0.328;0.041;0.277;-0.214;0.037;0.014;0.015;0.001;0.463;-0.187;-0.036;0.001;0.053;0;0.434;-0.37;-0.02;0;0.061;0.049;0.657;-0.087;0.043;0.015;0.266;0.004;0.203;-0.306;0.16;0.001;0.494;0.001;0.31;0.264;0.073;0.708;0.02;0.004;0.03;-0.003;0.028;0.001;0.02;0.004;0.186;0.227;-0.027;0.054;0.028;0.001;0.18;-0.158;0.068;0.003;0.054;0.003;0.161;0.054;-0.001;0.009;0.016;0.016;0.851;-0.192;0.002;0.001;0.035;0;0.705;-0.183;0.011;0.002;0.222;0.005;0.378;-0.213;0.008;0.004;0.003;0.001;0.066;-0.192;-0.04;0.001;0.132;0.002;0.29;-0.353;-0.329;0.001;0.006;0;0.322;-0.116;0.058;0.002;0.13;0.041;0.22
12;0.093;0.041;0.078;0.06;0.025;0.05;0.041;0.041;0.003;0.036;0.004;0.417;-0.135;0.073;0.004;0.045;0.002;0.221;-0.329;0.049;0;0.242;0.004;0.585;-0.068;-0.025;0.001;0.099;0.008;0.614;-0.031;0.014;0.175;0.031;0.002;0.317;-0.367;0.038;0.001;0.025;0;0.453;-0.279;0.204;0.002;0.139;0.002;0.136;-0.128;0.007;0.01;0.001;0.001;0.007;-0.117;-0.012;0.002;0.06;0.001;0.703;-0.228;0.163;0.002;0.253;0.01;0.292;-0.186;-0.021;0.593;0.019;0.01;0.248;-0.071;0.046;0.001;0.022;0;0.477;0.124;0.028;0.021;0.244;0.106;0.33;-0.264;0.114;0.004;0.017;0.001;0.594;-0.201;-0.024;0.001;0.055;0;0.403;-0.462;0.009;0.001;0.088;0.13;0.472;-0.119;0.047;0.01;0.44;0.005;0.154;-0.333;0.262;0.001;0.569;0.001;0.226;-0.134;0.07;0.012;0.1;0.001;0.127;-0.02;0.027;0.002;0.018;0.004;0.152;0.218;-0.023;0.078;0.013;0.001;0.1;-0.151;0.039;0.002;0.068;0.003;0.209;0.052;0.03;0.007;0.019;0.015;0.834;-0.133;0;0.001;0.028;0;0.731;-0.132;0.083;0.002;0.177;0.009;0.363;-0.22;0.006;0.004;0.005;0.001;0.115;-0.183;-0.037;0.001;0.086;0.002;0.296;-0.355;-0.328;0.001;0.006;0;0.321;-0.149;0.056;0.004;0.174;0.03;0.202
13;0.09;0.039;0.101;0.038;0.01;0.045;0.039;0.051;0.004;0.042;0.007;0.401;-0.174;0.099;0.007;0.031;0.002;0.313;-0.358;0.042;0;0.202;0.004;0.609;-0.053;-0.008;0.001;0.089;0.007;0.681;-0.045;0.053;0.007;0.028;0.002;0.143;-0.469;0.112;0.001;0.034;0;0.497;-0.25;0.22;0.002;0.135;0.003;0.164;-0.064;0;0.007;0.001;0.001;0.005;-0.146;-0.009;0.003;0.071;0.001;0.657;-0.191;0.165;0.002;0.244;0.01;0.273;-0.137;-0.018;0.423;0.029;0.014;0.38;-0.07;0.051;0.002;0.024;0;0.338;0.141;0.028;0.018;0.233;0.083;0.308;-0.264;0.076;0.003;0.023;0.001;0.478;-0.097;-0.023;0.001;0.054;0;0.362;-0.421;-0.001;0;0.111;0.074;0.551;-0.083;0.047;0.014;0.334;0.006;0.156;-0.314;0.237;0.001;0.463;0.001;0.305;-0.084;0.068;0.048;0.061;0.003;0.066;-0.037;0.026;0.001;0.016;0.006;0.167;0.423;-0.017;0.571;0.002;0.002;0.028;-0.166;-0.009;0.002;0.054;0.001;0.31;0.069;0.023;0.008;0.02;0.021;0.814;-0.209;-0.041;0.001;0.032;0;0.734;-0.164;0.045;0.002;0.213;0.01;0.347;-0.244;-0.006;0.003;0.004;0.001;0.092;-0.163;-0.032;0.001;0.066;0.002;0.279;-0.258;-0.033;0.001;0.025;0.001;0.186;-0.084;0.091;0.003;0.111;0.028;0.167
14;0.061;0.06;0.051;0.074;0.021;0.051;-0.138;-0.096;0.002;0.009;0;0.689;-0.147;0.018;0.004;0.03;0.003;0.224;-0.305;0.041;0;0.158;0.003;0.686;-0.154;0.029;0.001;0.185;0.013;0.581;-0.213;0.01;0.001;0.001;0;0.175;-0.443;0.094;0.001;0.029;0;0.434;-0.313;0.231;0.001;0.145;0.004;0.129;-0.098;-0.013;0.007;0.001;0;0.009;-0.173;-0.006;0.002;0.102;0.001;0.61;-0.205;0.106;0.002;0.178;0.013;0.249;-0.129;-0.01;0.52;0.025;0.011;0.3;-0.089;0.036;0.001;0.018;0;0.464;0.112;0.029;0.013;0.214;0.063;0.344;-0.227;0.03;0.003;0.024;0.001;0.411;-0.096;-0.024;0.001;0.053;0;0.318;-0.441;-0.001;0;0.104;0.074;0.565;-0.083;0.046;0.014;0.364;0.005;0.155;-0.337;0.181;0.001;0.391;0.001;0.406;-0.085;0.074;0.044;0.068;0.002;0.128;-0.022;0.037;0.001;0.02;0.01;0.213;0.387;0.002;0.508;0.004;0.002;0.049;-0.151;0.112;0.002;0.047;0.003;0.122;0.095;0.047;0.009;0.022;0.023;0.774;-0.164;0.009;0.001;0.055;0.001;0.699;-0.14;0.077;0.003;0.173;0.016;0.326;-0.213;-0.009;0.003;0.008;0.001;0.103;-0.185;-0.032;0.001;0.112;0.002;0.299;-0.225;-0.038;0.001;0.038;0.001;0.2;-0.164;0.096;0.005;0.277;0.019;0.224
15;0.141;0.054;0.042;0.1;0.019;0.062;0.017;0.029;0.002;0.038;0.001;0.507;-0.199;0.012;0.006;0.022;0.001;0.12;-0.329;0.041;0;0.185;0.003;0.663;-0.105;0.045;0.001;0.164;0.029;0.45;-0.045;-0.006;0;0;0;0.208;-0.493;0.098;0.001;0.024;0;0.49;-0.349;0.212;0.001;0.169;0.002;0.203;-0.117;-0.002;0.013;0.002;0.001;0.02;-0.17;-0.022;0.002;0.063;0.001;0.678;-0.147;0.119;0.003;0.205;0.012;0.238;-0.147;-0.042;0.494;0.019;0.018;0.389;-0.048;0.045;0.002;0.019;0;0.438;0.14;0.029;0.013;0.234;0.06;0.35;-0.216;0.123;0.005;0.026;0.001;0.469;-0.159;-0.018;0.001;0.071;0;0.291;-0.44;0;0;0.104;0.074;0.564;-0.079;0.041;0.014;0.288;0.005;0.162;-0.21;0.126;0.001;0.335;0.001;0.341;-0.048;0.081;0.043;0.035;0.002;0.061;-0.019;0.039;0.001;0.019;0.004;0.2;0.326;-0.042;0.231;0.006;0.001;0.069;-0.134;0.071;0.002;0.052;0.003;0.149;-0.087;0.016;0.008;0.023;0.02;0.793;-0.208;0.027;0.001;0.025;0;0.769;-0.156;0.059;0.011;0.126;0.006;0.293;-0.211;-0.003;0.002;0.007;0.001;0.122;-0.161;-0.027;0.001;0.104;0.002;0.302;-0.241;-0.034;0.001;0.036;0.001;0.217;-0.164;0.067;0.003;0.225;0.022;0.281
16;-0.044;0.223;0.019;0.045;0.016;0.043;0.019;0.037;0.002;0.036;0.002;0.496;-0.15;0.018;0.005;0.021;0.002;0.15;-0.371;0.031;0;0.226;0.003;0.635;-0.081;0.021;0.002;0.13;0.018;0.48;-0.077;0.011;0.003;0.001;0.001;0.215;-0.489;0.088;0.001;0.029;0;0.422;-0.321;0.175;0.001;0.185;0.003;0.272;-0.095;0;0.008;0.001;0;0.012;-0.186;-0.005;0.002;0.092;0.001;0.633;-0.165;0.139;0.003;0.154;0.012;0.188;-0.154;-0.03;0.516;0.019;0.014;0.352;-0.168;-0.039;0.001;0.025;0;0.548;0.148;0.026;0.012;0.22;0.067;0.394;-0.207;0.062;0.004;0.024;0.001;0.451;-0.137;-0.022;0.002;0.086;0;0.263;-0.435;0.014;0.001;0.065;0.054;0.621;-0.116;0.046;0.011;0.418;0.006;0.174;-0.25;0.129;0.002;0.285;0.002;0.28;-0.023;0.064;0.126;0.056;0.003;0.064;-0.039;0.03;0.001;0.016;0.001;0.216;0.283;-0.035;0.088;0.011;0.001;0.089;-0.23;-0.053;0.002;0.056;0.001;0.323;-0.044;0.015;0.006;0.016;0.011;0.839;-0.185;0.017;0.001;0.02;0;0.615;-0.189;0.08;0.003;0.21;0.005;0.263;-0.201;-0.003;0.002;0.008;0.001;0.149;-0.193;-0.027;0.001;0.134;0.002;0.269;-0.221;-0.005;0.001;0.037;0.001;0.202;-0.186;0.062;0.003;0.247;0.019;0.278
17;-0.079;0.273;0.006;0.023;0.065;0.015;0.006;0.039;0.003;0.027;0.004;0.487;-0.17;0.017;0.006;0.019;0.001;0.173;-0.358;0.038;0;0.235;0.004;0.629;-0.075;0.009;0.001;0.126;0.013;0.553;0.052;-0.017;0.001;0.012;0.01;0.14;-0.499;0.088;0.001;0.027;0;0.457;-0.357;0.077;0;0.187;0.002;0.437;-0.103;0.02;0.008;0.002;0.001;0.012;-0.168;-0.015;0.003;0.068;0.001;0.612;-0.146;0.128;0.003;0.128;0.013;0.156;-0.143;-0.023;0.487;0.023;0.013;0.365;0.063;-0.018;0.002;0.014;0;0.072;0.13;0.032;0.015;0.188;0.073;0.373;-0.258;0.049;0.003;0.024;0.001;0.372;-0.114;-0.014;0.001;0.058;0;0.246;-0.411;0.016;0.001;0.088;0.087;0.561;-0.122;0.043;0.01;0.463;0.007;0.157;-0.156;0.194;0.009;0.203;0.001;0.242;0.008;0.076;0.135;0.05;0.002;0.075;-0.02;0.003;0.001;0.018;0.001;0.231;0.306;-0.033;0.062;0.013;0.001;0.096;-0.181;0.05;0.002;0.066;0.003;0.183;-0.024;0.051;0.006;0.016;0.014;0.803;-0.323;-0.025;0.001;0.178;0.002;0.371;-0.153;0.045;0.008;0.185;0.004;0.283;-0.218;-0.017;0.001;0.009;0.001;0.122;-0.212;-0.032;0.001;0.125;0.002;0.287;-0.224;0;0.001;0.036;0.001;0.182;-0.171;0.066;0.005;0.243;0.016;0.26
18;-0.082;0.255;0.005;0.032;0.085;0.019;0.009;0.038;0.002;0.049;0.003;0.517;-0.136;0.036;0.004;0.088;0.001;0.323;-0.368;0.039;0;0.235;0.005;0.625;-0.077;0.002;0.001;0.137;0.016;0.523;-0.126;-0.038;0.001;0.008;0.001;0.558;-0.42;0.146;0.001;0.028;0;0.411;-0.295;0.184;0.001;0.227;0.002;0.344;-0.085;0.013;0.009;0.001;0;0.008;-0.208;-0.032;0.002;0.052;0.001;0.632;-0.15;0.172;0.003;0.18;0.012;0.157;-0.132;-0.024;0.518;0.023;0.013;0.309;-0.065;0.039;0.001;0.028;0;0.325;0.095;0.03;0.012;0.219;0.089;0.373;-0.098;0.008;0.003;0.026;0.001;0.331;-0.108;-0.01;0.001;0.058;0;0.296;-0.41;0.01;0.001;0.087;0.09;0.552;-0.08;0.048;0.008;0.501;0.006;0.145;-0.12;0.075;0.004;0.079;0.001;0.326;-0.038;0.055;0.133;0.044;0.002;0.088;-0.01;0.029;0.002;0.022;0.002;0.215;0.102;-0.004;0.033;0.043;0.001;0.18;-0.198;0.078;0.002;0.069;0.004;0.192;-0.073;-0.132;0.007;0.003;0.002;0.929;-0.44;-0.019;0;0.446;0.001;0.38;-0.179;0.083;0.001;0.164;0.01;0.361;-0.226;-0.027;0.003;0.011;0.001;0.13;-0.149;-0.013;0.001;0.048;0.002;0.255;-0.213;-0.006;0.001;0.031;0.001;0.186;-0.131;0.092;0.002;0.28;0.034;0.24
19;-0.05;0.244;0.005;0.042;0.086;0.024;0.006;0.052;0.003;0.043;0.003;0.518;-0.175;0.008;0.007;0.022;0.001;0.224;-0.375;0.049;0;0.267;0.006;0.568;-0.075;0.02;0.001;0.142;0.018;0.548;-0.086;-0.019;0.011;0.096;0.002;0.233;-0.478;0.089;0.001;0.034;0;0.389;-0.267;0.174;0.001;0.215;0.003;0.246;-0.08;-0.004;0.007;0.002;0;0.013;-0.181;-0.031;0.002;0.051;0.001;0.654;-0.125;0.145;0.003;0.265;0.014;0.278;-0.107;-0.027;0.479;0.022;0.015;0.357;-0.095;0.034;0.001;0.024;0;0.369;0.143;0.025;0.013;0.225;0.059;0.375;-0.266;0.077;0.008;0.018;0.002;0.327;-0.147;-0.023;0.001;0.058;0;0.396;-0.413;0.01;0.001;0.086;0.088;0.556;-0.237;-0.181;0.002;0.28;0.004;0.321;-0.091;0.079;0.003;0.083;0;0.382;-0.113;0.055;0.06;0.052;0.002;0.107;-0.001;0.02;0.002;0.017;0.001;0.197;0.21;-0.034;0.031;0.041;0.001;0.179;-0.197;0.099;0.002;0.079;0.005;0.186;0.287;0.027;0.172;0.03;0.089;0.423;-0.395;-0.19;0;0.164;0.001;0.551;-0.16;0.018;0.003;0.129;0.01;0.367;-0.205;-0.045;0.004;0.013;0.002;0.199;-0.208;-0.032;0.001;0.183;0.002;0.259;-0.236;-0.032;0.001;0.031;0.001;0.217;-0.153;0.069;0.003;0.248;0.043;0.218
20;0.275;0.062;0.484;0.101;0.015;0.077;0.011;0.038;0.004;0.039;0.005;0.516;-0.133;0;0.007;0.037;0.001;0.308;-0.356;0.034;0;0.21;0.003;0.631;-0.074;0.003;0.001;0.134;0.015;0.511;-0.169;-0.096;0.009;0.089;0.002;0.424;-0.364;0.069;0.001;0.031;0;0.359;-0.283;0.165;0.003;0.196;0.003;0.296;-0.069;-0.002;0.017;0.001;0.001;0.01;-0.203;-0.035;0.003;0.048;0.001;0.637;-0.159;0.153;0.002;0.267;0.013;0.262;-0.136;-0.017;0.356;0.03;0.017;0.468;-0.004;0.087;0.038;0.011;0;0.117;0.077;0.031;0.011;0.181;0.068;0.426;-0.261;0.077;0.021;0.013;0.002;0.27;-0.26;-0.066;0.001;0.046;0;0.519;-0.412;0.011;0.001;0.085;0.09;0.551;0.074;0.002;0.033;0.095;0.002;0.203;-0.408;0.24;0.001;0.346;0.001;0.401;-0.131;0.05;0.05;0.052;0.002;0.129;-0.028;0.026;0.001;0.014;0.001;0.189;0.192;-0.031;0.028;0.031;0.001;0.141;-0.161;0.072;0.002;0.066;0.005;0.16;0.286;0.012;0.118;0.01;0.267;0.451;-0.291;-0.047;0;0.166;0.001;0.416;-0.134;0.063;0.005;0.147;0.02;0.276;-0.139;-0.027;0.008;0.04;0.002;0.297;-0.212;-0.028;0.001;0.172;0.002;0.261;-0.256;-0.029;0.001;0.03;0.001;0.235;-0.147;0.062;0.004;0.201;0.026;0.182
21;0.295;0.055;0.801;0.01;0.015;0.007;-0.002;0.04;0.003;0.039;0.004;0.523;-0.107;0.012;0.006;0.042;0.001;0.314;-0.28;0.023;0;0.226;0.006;0.628;-0.063;-0.005;0.001;0.099;0.007;0.603;-0.207;-0.007;0.008;0.108;0.002;0.345;-0.444;0.075;0.001;0.033;0;0.45;-0.276;0.081;0.001;0.151;0.002;0.245;-0.039;-0.007;0.01;0.001;0;0.006;-0.196;-0.04;0.002;0.037;0.001;0.688;-0.151;0.154;0.003;0.233;0.015;0.202;-0.15;-0.029;0.452;0.024;0.014;0.407;-0.095;0.058;0.002;0.031;0;0.265;0.119;0.03;0.013;0.196;0.07;0.314;-0.186;0.073;0.019;0.016;0.002;0.446;-0.173;-0.029;0.001;0.058;0;0.346;-0.408;-0.029;0.001;0.061;0.041;0.764;0.066;0.016;0.026;0.095;0.002;0.204;-0.281;0.136;0.001;0.332;0.001;0.415;-0.094;0.067;0.027;0.07;0.001;0.242;-0.007;-0.001;0.001;0.015;0.001;0.295;0.047;-0.054;0.013;0.056;0.001;0.195;-0.208;0.042;0.002;0.051;0.002;0.212;0.347;0.008;0.272;0.005;0.045;0.51;-0.277;-0.061;0;0.115;0;0.549;-0.173;0.1;0.008;0.132;0.012;0.267;-0.31;-0.002;0.001;0.04;0.001;0.127;-0.209;-0.025;0.001;0.166;0.002;0.266;-0.321;-0.069;0.002;0.026;0;0.219;-0.182;0.049;0.005;0.132;0.011;0.237
22;0.242;0.046;0.527;0.078;0.016;0.028;0.009;0.038;0.003;0.047;0.004;0.471;-0.136;0.014;0.005;0.058;0.001;0.295;-0.346;0.027;0;0.177;0.003;0.68;-0.103;-0.064;0.001;0.05;0.001;0.768;-0.351;-0.001;0.006;0.231;0.006;0.284;-0.429;0.086;0.001;0.033;0;0.404;-0.291;0.159;0.003;0.175;0.002;0.186;0.013;0;0.009;0.002;0.001;0.008;-0.174;-0.036;0.002;0.058;0.001;0.683;-0.151;0.14;0.003;0.301;0.014;0.197;-0.145;-0.03;0.216;0.038;0.014;0.611;0.227;0.011;0.271;0.01;0.001;0.097;0.152;0.03;0.012;0.224;0.083;0.298;-0.195;0.074;0.003;0.024;0.002;0.424;-0.233;-0.023;0.001;0.07;0;0.35;-0.381;-0.036;0.001;0.053;0.029;0.779;0.026;0.018;0.024;0.132;0.002;0.265;-0.284;0.148;0.001;0.301;0.001;0.41;-0.116;0.051;0.037;0.053;0.002;0.112;-0.042;0.015;0.001;0.014;0.001;0.192;-0.09;-0.038;0.008;0.092;0.001;0.303;-0.186;0.044;0.002;0.069;0.004;0.2;-0.25;0.051;0.002;0.012;0.003;0.933;-0.267;-0.052;0;0.063;0;0.687;-0.16;0.106;0.005;0.183;0.012;0.32;-0.254;-0.046;0.002;0.135;0.003;0.201;-0.239;-0.036;0.001;0.133;0.001;0.266;-0.304;-0.062;0.001;0.025;0.001;0.262;-0.164;0.07;0.003;0.07;0.018;0.174
23;0.203;0.043;0.376;0.171;0.01;0.06;-0.036;0.055;0.002;0.118;0.005;0.559;-0.097;0.001;0.002;0.059;0.001;0.485;-0.362;0.031;0;0.197;0.003;0.67;-0.084;0.02;0.001;0.112;0.008;0.619;-0.304;0.024;0.008;0.127;0.01;0.278;-0.436;0.064;0.001;0.032;0;0.428;-0.242;0.133;0.002;0.151;0.002;0.213;0.048;0.003;0.009;0.002;0.001;0.008;-0.187;-0.02;0.003;0.067;0.001;0.668;-0.158;0.17;0.002;0.243;0.013;0.229;-0.146;-0.035;0.19;0.03;0.009;0.641;-0.156;0.043;0.001;0.025;0;0.351;0.135;0.024;0.006;0.338;0.091;0.27;-0.217;0.104;0.007;0.034;0.002;0.489;-0.185;-0.022;0.001;0.082;0;0.253;-0.381;-0.036;0.001;0.054;0.029;0.783;-0.097;-0.078;0.005;0.134;0.002;0.521;-0.199;0.1;0.001;0.239;0.001;0.332;-0.144;0.032;0.048;0.062;0.002;0.175;-0.034;0.027;0.001;0.022;0.002;0.203;0.1;-0.012;0.018;0.042;0.001;0.122;-0.202;0.04;0.002;0.077;0.003;0.233;-0.21;0.015;0.002;0.014;0.005;0.945;0.017;-0.033;0.076;0.014;0.001;0.203;-0.176;0.126;0.014;0.091;0.013;0.256;-0.241;-0.015;0.001;0.016;0.001;0.139;-0.254;-0.043;0.001;0.137;0.002;0.378;-0.265;-0.031;0.001;0.027;0.001;0.228;-0.154;0.069;0.003;0.088;0.014;0.192
24;0.177;0.062;0.188;0.403;0.011;0.071;-0.064;0.06;0.001;0.136;0.003;0.615;-0.071;0.067;0.005;0.063;0.003;0.286;-0.366;0.013;0;0.17;0.004;0.679;0.077;0.02;0.001;0.237;0.011;0.482;-0.319;-0.008;0.044;0.111;0.008;0.239;-0.425;0.083;0.001;0.034;0;0.428;-0.306;0.172;0.002;0.114;0.001;0.171;0;-0.012;0.008;0.001;0;0.004;-0.239;-0.014;0.002;0.098;0.001;0.644;-0.183;0.212;0.002;0.212;0.012;0.174;-0.146;-0.024;0.207;0.03;0.01;0.604;-0.174;0.036;0.001;0.028;0;0.391;0.084;0.026;0.007;0.235;0.06;0.334;-0.172;0.084;0.007;0.021;0.002;0.605;-0.169;-0.014;0.001;0.082;0;0.206;-0.399;-0.049;0.001;0.049;0.03;0.792;-0.116;-0.129;0.003;0.106;0.002;0.476;-0.258;0.095;0.002;0.273;0.001;0.349;-0.155;0.039;0.027;0.07;0.002;0.167;-0.057;0.024;0.001;0.015;0.001;0.183;0.017;-0.033;0.036;0.05;0.001;0.224;-0.119;0.02;0.002;0.049;0.003;0.129;-0.22;0.003;0.001;0.026;0.004;0.927;0.039;-0.044;0.019;0.017;0;0.473;-0.14;0.146;0.016;0.111;0.011;0.238;-0.204;-0.021;0.001;0.017;0.001;0.101;-0.191;-0.014;0.001;0.17;0.002;0.233;-0.299;-0.06;0.001;0.024;0.001;0.252;-0.16;0.119;0.002;0.076;0.026;0.121
25;0.163;0.049;0.168;0.4;0.006;0.094;-0.027;0.048;0.002;0.088;0.002;0.562;-0.098;0.156;0.003;0.069;0.003;0.099;-0.36;0.033;0;0.172;0.004;0.668;0.077;-0.001;0.003;0.136;0.014;0.488;-0.465;-0.068;0.002;0.195;0.005;0.186;-0.425;0.103;0.001;0.039;0;0.393;-0.244;0.15;0.003;0.095;0.002;0.156;-0.031;0.015;0.005;0.001;0;0.004;-0.256;-0.025;0.001;0.101;0.001;0.579;-0.181;0.16;0.002;0.227;0.014;0.21;-0.149;-0.025;0.309;0.028;0.009;0.511;-0.063;0.015;0.001;0.027;0;0.339;0.056;0.026;0.006;0.24;0.053;0.322;-0.192;0.057;0.008;0.023;0.002;0.548;-0.126;-0.01;0.001;0.081;0;0.192;-0.382;-0.037;0.001;0.053;0.028;0.788;-0.108;0.039;0.015;0.265;0.005;0.239;-0.277;0.018;0.001;0.094;0.001;0.472;-0.105;0.065;0.056;0.047;0.002;0.118;-0.043;0.024;0.002;0.019;0.001;0.174;-0.071;-0.023;0.014;0.069;0.001;0.175;-0.205;0.062;0.001;0.082;0.002;0.227;-0.203;-0.128;0;0.004;0.001;0.974;-0.174;-0.026;0.001;0.072;0;0.577;-0.1;0.119;0.006;0.152;0.012;0.265;-0.191;-0.011;0.001;0.019;0.001;0.113;-0.196;-0.042;0.003;0.088;0.001;0.317;-0.37;-0.075;0.002;0.019;0;0.269;-0.145;0.09;0.003;0.079;0.031;0.11
26;0.109;0.061;0.027;0.277;0.02;0.097;-0.039;0.052;0.002;0.092;0.003;0.512;-0.275;-0.13;0.005;0.018;0;0.674;-0.354;0.024;0;0.17;0.003;0.707;0.02;-0.001;0.002;0.116;0.008;0.574;-0.253;0.019;0.006;0.15;0.004;0.367;-0.42;0.079;0.001;0.036;0;0.418;-0.264;0.156;0.002;0.15;0.003;0.179;-0.016;-0.013;0.005;0.001;0;0.003;-0.225;-0.025;0.002;0.088;0.001;0.617;-0.2;0.122;0.002;0.329;0.011;0.214;-0.151;-0.01;0.307;0.033;0.009;0.472;-0.037;0.022;0;0.034;0;0.393;0.112;0.022;0.007;0.201;0.042;0.329;-0.201;0.064;0.005;0.026;0.002;0.578;-0.127;-0.003;0.001;0.094;0;0.257;-0.485;-0.012;0;0.039;0.013;0.843;-0.071;0.029;0.009;0.244;0.003;0.262;-0.259;0.213;0.002;0.253;0.001;0.269;-0.038;0.058;0.067;0.056;0.003;0.086;-0.046;0.028;0.002;0.02;0.001;0.17;0.02;-0.003;0.011;0.039;0.001;0.105;-0.23;0.041;0.001;0.036;0.001;0.115;-0.19;-0.007;0.001;0.017;0.003;0.933;-0.305;-0.019;0;0.153;0;0.643;-0.12;0.124;0.006;0.157;0.014;0.269;-0.184;-0.027;0.002;0.016;0.001;0.162;-0.172;-0.03;0.001;0.06;0.001;0.239;-0.28;-0.028;0.001;0.026;0.001;0.222;-0.212;0.064;0.002;0.103;0.016;0.185
27;0.081;0.059;0.013;0.135;0.063;0.076;-0.045;0.047;0.002;0.098;0.003;0.642;-0.136;0.036;0.01;0.045;0.001;0.184;-0.387;0.037;0;0.23;0.005;0.616;-0.094;0.024;0.001;0.18;0.014;0.487;-0.259;0.012;0.008;0.104;0.003;0.31;-0.433;0.02;0.001;0.019;0;0.499;-0.252;0.202;0.002;0.085;0.001;0.178;-0.11;-0.004;0.008;0.002;0.001;0.009;-0.241;-0.017;0.002;0.083;0.001;0.605;-0.185;0.181;0.002;0.207;0.014;0.201;-0.153;-0.014;0.223;0.038;0.007;0.547;-0.102;0.021;0.001;0.031;0;0.468;0.088;0.022;0.006;0.225;0.044;0.286;-0.208;0.05;0.007;0.022;0.002;0.545;-0.148;-0.017;0.001;0.074;0;0.294;-0.457;-0.031;0.001;0.051;0.04;0.752;-0.11;0.002;0.005;0.344;0.003;0.287;-0.074;0.127;0.007;0.149;0.001;0.275;-0.089;0.077;0.054;0.105;0.005;0.121;-0.031;0.024;0.001;0.02;0.001;0.207;0.039;-0.001;0.017;0.039;0.001;0.108;-0.208;0.031;0.001;0.048;0.002;0.143;-0.192;0.034;0.001;0.017;0.004;0.934;-0.345;-0.022;0;0.143;0;0.682;-0.163;0.135;0.004;0.175;0.01;0.342;-0.172;-0.018;0.003;0.013;0.001;0.153;-0.285;-0.279;0.002;0.014;0;0.583;-0.288;-0.038;0.001;0.024;0;0.258;-0.149;0.137;0.001;0.057;0.047;0.098
28;0.254;0.052;0.405;0.112;0.018;0.045;-0.053;0.057;0.002;0.127;0.005;0.653;-0.2;0.032;0.006;0.037;0.002;0.229;-0.385;0.041;0;0.216;0.003;0.651;-0.073;0.05;0.001;0.138;0.006;0.594;-0.255;0.005;0.026;0.092;0.004;0.248;-0.385;0.053;0.001;0.031;0;0.323;-0.266;0.188;0.001;0.162;0.002;0.19;-0.046;-0.002;0.005;0.002;0;0.011;-0.251;-0.024;0.002;0.07;0.001;0.633;-0.255;0.154;0.002;0.304;0.01;0.228;-0.123;-0.024;0.399;0.018;0.012;0.459;-0.045;0.024;0.001;0.032;0;0.366;0.13;0.026;0.008;0.247;0.045;0.265;-0.16;0.073;0.008;0.027;0.003;0.403;-0.175;-0.03;0.001;0.063;0;0.272;-0.463;-0.032;0.001;0.05;0.04;0.753;-0.128;0.048;0.006;0.283;0.003;0.258;-0.235;0.222;0.002;0.333;0.001;0.269;-0.182;0.009;0.032;0.121;0.002;0.172;-0.069;0.021;0.001;0.017;0.001;0.206;-0.129;-0.041;0.014;0.067;0.001;0.311;-0.236;0.078;0.001;0.06;0.001;0.166;-0.161;0.018;0.001;0.014;0.003;0.941;-0.323;-0.03;0;0.146;0;0.607;-0.16;0.156;0.013;0.1;0.017;0.232;-0.165;-0.02;0.002;0.016;0.001;0.156;-0.256;-0.041;0.001;0.134;0.002;0.328;-0.244;-0.024;0.001;0.026;0.001;0.219;-0.139;0.065;0.003;0.082;0.026;0.129
29;0.28;0.064;0.36;0.055;0.05;0.024;-0.053;0.074;0.002;0.155;0.006;0.623;-0.187;0.039;0.007;0.028;0.001;0.223;-0.365;0.036;0;0.205;0.004;0.655;-0.068;0.072;0.001;0.112;0.01;0.598;-0.273;0.013;0.011;0.123;0.005;0.282;-0.492;0.058;0.001;0.024;0;0.444;-0.318;0.219;0.001;0.164;0.002;0.177;-0.124;-0.005;0.002;0.005;0;0.026;-0.245;-0.011;0.002;0.11;0.001;0.569;-0.365;0.05;0.001;0.112;0.003;0.095;-0.131;-0.018;0.609;0.013;0.01;0.251;-0.037;0.019;0.001;0.03;0;0.406;0.096;0.03;0.007;0.295;0.058;0.289;-0.138;0.053;0.012;0.026;0.003;0.325;-0.2;-0.02;0.001;0.055;0;0.225;-0.449;-0.009;0;0.055;0.022;0.776;-0.125;0.05;0.005;0.321;0.003;0.272;-0.232;0.073;0.003;0.078;0.001;0.285;-0.088;0.053;0.038;0.108;0.003;0.146;-0.073;0.006;0.001;0.018;0.001;0.227;-0.046;0.002;0.018;0.071;0.001;0.193;-0.192;0.09;0.002;0.049;0.002;0.137;-0.18;0.019;0.001;0.011;0.004;0.95;-0.339;-0.171;0;0.017;0;0.851;-0.189;0.159;0.009;0.141;0.013;0.278;-0.161;-0.021;0.002;0.014;0.001;0.131;-0.25;-0.039;0.001;0.208;0.002;0.268;-0.233;-0.017;0.001;0.029;0.001;0.222;-0.163;0.114;0.002;0.083;0.014;0.129
30;0.208;0.055;0.198;0.374;0.008;0.081;-0.072;0.043;0.002;0.106;0.004;0.611;-0.234;0.02;0.003;0.026;0.002;0.2;-0.405;0.041;0;0.217;0.005;0.621;-0.086;-0.039;0.001;0.116;0.007;0.621;-0.219;0.022;0.037;0.094;0.007;0.17;-0.383;0.061;0.001;0.026;0;0.413;-0.267;0.201;0.001;0.146;0.002;0.177;-0.155;0.014;0.005;0.006;0.001;0.028;-0.248;-0.019;0.002;0.094;0.001;0.591;-0.312;0.057;0.001;0.052;0.007;0.062;-0.129;-0.026;0.36;0.029;0.014;0.457;-0.131;0.032;0.001;0.026;0;0.415;0.159;0.029;0.016;0.274;0.056;0.231;-0.123;0.033;0.038;0.016;0.003;0.572;-0.182;-0.023;0.001;0.074;0;0.294;-0.408;-0.018;0.001;0.102;0.121;0.599;-0.157;0.049;0.006;0.373;0.005;0.244;-0.074;0.104;0.005;0.083;0.001;0.286;-0.075;0.061;0.028;0.046;0.001;0.117;-0.066;0.02;0.001;0.02;0.001;0.212;-0.196;-0.193;0.001;0.014;0;0.249;-0.169;0.084;0.002;0.084;0.005;0.19;-0.22;0.021;0.001;0.013;0.004;0.945;-0.232;-0.017;0;0.126;0;0.629;-0.207;0.127;0.002;0.21;0.009;0.358;-0.179;-0.035;0.003;0.023;0.001;0.167;-0.262;-0.277;0.003;0.018;0.001;0.569;-0.253;-0.015;0.001;0.03;0.001;0.225;-0.143;0.073;0.003;0.099;0.024;0.155
31;0.238;0.061;0.084;0.278;0.019;0.088;0.008;0.039;0.005;0.06;0.007;0.472;-0.224;0.025;0.006;0.023;0.002;0.134;-0.375;0.039;0;0.203;0.004;0.634;-0.064;0.031;0.001;0.159;0.006;0.636;-0.204;0.015;0.053;0.078;0.008;0.156;-0.436;0.101;0.001;0.033;0;0.394;-0.248;0.162;0.003;0.116;0.002;0.218;-0.156;0.009;0.003;0.01;0;0.059;-0.232;-0.016;0.002;0.096;0.001;0.57;-0.327;0.051;0.001;0.045;0.007;0.066;-0.154;-0.022;0.193;0.031;0.014;0.632;-0.03;0.022;0.001;0.04;0;0.313;0.28;0.028;0.517;0.091;0.035;0.068;-0.116;0.044;0.049;0.013;0.002;0.528;-0.173;-0.011;0.001;0.075;0;0.212;-0.454;-0.014;0;0.076;0.043;0.743;-0.164;-0.172;0.002;0.236;0.003;0.454;-0.299;0.248;0.007;0.098;0.001;0.387;0.001;0.106;0.064;0.035;0.002;0.07;-0.119;-0.195;0.001;0.012;0;0.667;-0.131;-0.024;0.001;0.131;0.001;0.362;-0.166;0.062;0.001;0.099;0.005;0.259;-0.188;0.001;0.001;0.007;0.005;0.963;-0.254;-0.021;0;0.106;0;0.666;-0.202;0.143;0.007;0.151;0.014;0.304;-0.155;-0.039;0.005;0.02;0.001;0.357;-0.256;-0.023;0.001;0.176;0.002;0.261;-0.23;-0.011;0.001;0.03;0.001;0.211;-0.156;0.108;0.002;0.085;0.028;0.12
32;0.291;0.042;0.776;0.017;0.014;0.015;0.016;0.043;0.005;0.046;0.01;0.499;-0.19;0.02;0.006;0.03;0.002;0.228;-0.388;0.047;0;0.22;0.004;0.621;-0.043;0.04;0.001;0.148;0.009;0.597;-0.181;-0.002;0.052;0.076;0.009;0.131;-0.332;0.07;0.001;0.029;0;0.32;-0.26;0.183;0.002;0.143;0.004;0.17;-0.187;-0.009;0.003;0.01;0;0.055;-0.247;-0.014;0.002;0.083;0.001;0.61;-0.303;0.045;0.001;0.053;0.009;0.06;-0.164;-0.012;0.492;0.029;0.011;0.289;-0.073;0.013;0.001;0.031;0;0.436;0.234;0.027;0.331;0.162;0.034;0.077;-0.219;0.046;0.007;0.021;0.002;0.383;-0.188;-0.011;0.001;0.073;0;0.241;-0.454;-0.014;0;0.076;0.043;0.743;-0.104;0.043;0.008;0.364;0.005;0.197;-0.145;0.095;0.013;0.072;0.001;0.425;-0.005;0.158;0.052;0.042;0.002;0.064;-0.046;0.007;0.001;0.019;0.001;0.197;0.036;-0.018;0.002;0.111;0.001;0.347;-0.123;0.105;0.002;0.055;0.003;0.124;-0.179;0.024;0.002;0.011;0.007;0.946;-0.254;-0.023;0;0.12;0;0.577;-0.132;0.083;0.015;0.107;0.013;0.237;-0.172;-0.026;0.005;0.029;0.002;0.205;-0.211;-0.018;0.001;0.115;0.001;0.263;-0.352;-0.15;0.001;0.02;0;0.31;-0.162;0.078;0.004;0.094;0.032;0.144
33;0.358;0.014;0.322;0.574;0.003;0.037;-0.13;-0.092;0.002;0.022;0;0.708;-0.236;0.017;0.006;0.036;0.002;0.252;-0.365;0.054;0;0.21;0.004;0.615;-0.108;0;0.001;0.143;0.007;0.641;-0.215;0.027;0.037;0.099;0.005;0.191;-0.387;0.066;0.001;0.024;0;0.433;-0.31;0.197;0.001;0.133;0.003;0.132;-0.256;-0.222;0.009;0.006;0.001;0.373;-0.207;0.004;0.002;0.081;0.001;0.609;-0.315;0.046;0.001;0.048;0.008;0.055;-0.138;-0.008;0.619;0.018;0.007;0.17;-0.02;0.004;0.001;0.039;0;0.385;0.259;0.035;0.137;0.22;0.031;0.106;-0.132;0.063;0.154;0.009;0.005;0.253;-0.143;-0.02;0.001;0.066;0;0.261;-0.396;-0.022;0.001;0.089;0.113;0.589;-0.145;0.044;0.004;0.357;0.005;0.29;-0.22;0.163;0.002;0.189;0;0.33;-0.021;0.113;0.033;0.056;0.002;0.123;-0.026;0.013;0.002;0.021;0.001;0.197;0.067;-0.045;0.005;0.049;0.001;0.212;-0.121;0.109;0.002;0.03;0.001;0.097;-0.206;0.03;0.002;0.01;0.005;0.954;-0.276;-0.044;0;0.113;0;0.623;-0.14;0.117;0.014;0.109;0.009;0.222;-0.17;-0.027;0.003;0.014;0.001;0.197;-0.219;-0.014;0.001;0.097;0.002;0.27;-0.253;-0.03;0.001;0.03;0.001;0.231;-0.152;0.079;0.004;0.09;0.027;0.141
34;0.351;0.064;0.593;0.148;0.008;0.015;-0.045;0.038;0.003;0.096;0.007;0.503;-0.208;0.021;0.006;0.021;0.001;0.122;-0.364;0.03;0;0.208;0.004;0.652;-0.21;-0.029;0.001;0.119;0.006;0.669;-0.417;-0.245;0.003;0.067;0.001;0.413;-0.393;0.084;0.001;0.039;0;0.383;-0.312;0.168;0.001;0.157;0.002;0.281;-0.174;0.01;0.002;0.006;0;0.022;-0.294;-0.098;0.001;0.009;0;0.864;-0.288;0.052;0.001;0.033;0.006;0.043;-0.159;-0.029;0.329;0.025;0.012;0.48;-0.04;-0.004;0.001;0.037;0;0.373;0.218;0.029;0.039;0.24;0.072;0.143;-0.105;0.052;0.031;0.013;0.003;0.348;-0.179;-0.023;0.001;0.07;0;0.242;-0.486;-0.15;0;0.053;0.008;0.807;-0.169;0.043;0.005;0.4;0.005;0.234;-0.18;0.103;0.002;0.383;0.001;0.292;-0.048;0.072;0.036;0.064;0.002;0.105;-0.062;0.018;0.002;0.017;0.001;0.162;-0.011;-0.022;0.006;0.043;0.001;0.178;-0.154;0.077;0.002;0.046;0.003;0.098;-0.193;-0.003;0.001;0.008;0.005;0.96;-0.434;-0.042;0;0.173;0.001;0.717;-0.142;0.082;0.014;0.099;0.013;0.259;-0.159;-0.027;0.003;0.025;0.001;0.156;-0.234;-0.019;0.001;0.133;0.001;0.256;-0.238;-0.012;0.001;0.028;0.002;0.193;-0.128;0.074;0.004;0.11;0.025;0.154
35;0.237;0.057;0.167;0.612;0.003;0.075;-0.076;0.04;0.002;0.156;0.004;0.516;-0.212;0.021;0.005;0.032;0.002;0.198;-0.345;0.038;0;0.178;0.004;0.67;-0.126;-0.021;0.001;0.112;0.004;0.684;-0.282;-0.002;0.019;0.111;0.003;0.271;-0.427;0.075;0.001;0.031;0;0.342;-0.292;0.199;0.001;0.14;0.002;0.179;-0.119;0.003;0.001;0.002;0;0.007;-0.173;-0.03;0.002;0.074;0.001;0.57;-0.335;0.047;0.001;0.043;0.007;0.047;-0.162;-0.027;0.438;0.028;0.013;0.346;-0.043;-0.008;0.001;0.04;0;0.429;0.168;0.029;0.026;0.228;0.093;0.225;-0.114;0.055;0.047;0.015;0.004;0.322;-0.141;-0.014;0.001;0.072;0;0.283;-0.486;-0.15;0;0.053;0.008;0.811;-0.158;0.026;0.006;0.408;0.005;0.229;-0.274;0.159;0.002;0.108;0;0.317;-0.026;0.068;0.04;0.062;0.002;0.113;-0.056;0.026;0.002;0.019;0.001;0.172;-0.062;0.002;0.002;0.075;0.001;0.238;-0.152;0.073;0.002;0.066;0.003;0.153;-0.168;0.007;0.002;0.01;0.006;0.955;-0.297;-0.014;0;0.12;0;0.685;-0.142;0.075;0.011;0.096;0.013;0.254;-0.203;-0.033;0.003;0.021;0.001;0.234;-0.241;-0.02;0.001;0.164;0.002;0.258;-0.235;-0.021;0.001;0.026;0.002;0.217;-0.134;0.093;0.011;0.198;0.005;0.204
36;0.214;0.072;0.141;0.233;0.01;0.051;-0.006;0.041;0.004;0.05;0.007;0.536;-0.199;0.021;0.005;0.028;0.002;0.16;-0.342;0.04;0;0.257;0.003;0.6;-0.151;0.001;0.001;0.136;0.007;0.654;-0.286;0;0.022;0.129;0.004;0.226;-0.282;0.031;0.001;0.029;0;0.393;-0.317;0.155;0.002;0.117;0.001;0.257;-0.112;0;0.004;0.003;0;0.016;-0.224;-0.035;0.001;0.057;0.001;0.648;-0.333;0.049;0;0.051;0.007;0.054;-0.114;-0.043;0.146;0.024;0.014;0.726;-0.124;0.012;0.001;0.033;0;0.573;0.22;0.033;0.025;0.25;0.062;0.243;-0.033;0.054;0.255;0.007;0.006;0.158;-0.206;-0.014;0.002;0.053;0;0.136;-0.452;-0.032;0;0.038;0.014;0.806;-0.149;0.046;0.003;0.475;0.005;0.245;-0.114;0.069;0.002;0.08;0;0.328;-0.003;0.082;0.049;0.055;0.002;0.081;-0.008;0.024;0.002;0.022;0.001;0.205;-0.084;0;0.005;0.048;0.001;0.15;-0.156;0.072;0.001;0.102;0.006;0.208;-0.191;0.008;0.002;0.009;0.005;0.957;-0.27;-0.005;0;0.143;0.001;0.628;-0.158;0.072;0.015;0.095;0.016;0.244;-0.185;-0.031;0.002;0.026;0.001;0.196;-0.24;-0.015;0.001;0.148;0.002;0.285;-0.231;0.013;0.001;0.03;0.001;0.198;-0.115;0.073;0.005;0.185;0.035;0.207
37;0.119;0.068;0.061;0.321;0.007;0.142;-0.023;0.041;0.003;0.042;0.003;0.557;-0.108;0.015;0.006;0.055;0.001;0.338;-0.361;0.044;0;0.255;0.004;0.607;-0.106;-0.004;0.001;0.154;0.011;0.619;-0.269;0.008;0.026;0.104;0.004;0.238;-0.414;0.035;0.001;0.03;0;0.411;-0.294;0.115;0.001;0.137;0.002;0.198;-0.149;-0.042;0.004;0.02;0.001;0.135;-0.205;-0.007;0.001;0.072;0.001;0.581;-0.294;0.053;0.001;0.036;0.006;0.046;-0.136;0.01;0.399;0.03;0.011;0.314;-0.113;0.02;0.001;0.034;0;0.547;0.189;0.027;0.017;0.267;0.062;0.265;-0.145;0.02;0.005;0.018;0.001;0.313;-0.148;-0.016;0.001;0.078;0;0.242;-0.451;-0.033;0;0.039;0.016;0.791;-0.098;0.046;0.006;0.394;0.006;0.212;-0.314;0.202;0.002;0.098;0.001;0.364;-0.049;0.094;0.06;0.043;0.002;0.079;-0.034;0.026;0.002;0.02;0.002;0.192;-0.063;0.001;0.005;0.043;0.001;0.103;-0.162;0.116;0.001;0.042;0.004;0.088;-0.162;0.002;0.002;0.011;0.006;0.944;-0.222;-0.007;0;0.136;0;0.62;-0.08;0.037;0.014;0.078;0.025;0.199;-0.189;-0.033;0.002;0.031;0.001;0.242;-0.199;-0.022;0.001;0.098;0.002;0.28;-0.258;0.037;0.001;0.036;0.001;0.135;-0.15;0.074;0.005;0.126;0.026;0.164
38;0.113;0.066;0.077;0.211;0.012;0.066;-0.001;0.049;0.006;0.111;0.018;0.377;-0.154;0.067;0.003;0.077;0.002;0.355;-0.344;0.03;0;0.218;0.005;0.63;-0.082;-0.004;0.001;0.119;0.008;0.662;-0.25;0.019;0.029;0.077;0.005;0.194;-0.435;0.058;0.001;0.028;0;0.448;-0.282;0.112;0.001;0.129;0.002;0.259;-0.136;0.006;0.001;0.004;0;0.012;-0.214;-0.001;0.002;0.062;0;0.547;-0.303;0.052;0.001;0.041;0.006;0.048;-0.142;0.016;0.514;0.027;0.009;0.239;-0.118;0.018;0.001;0.03;0;0.472;0.208;0.035;0.051;0.254;0.132;0.161;-0.145;-0.001;0.077;0.012;0.004;0.151;-0.152;-0.014;0.001;0.07;0;0.317;-0.451;-0.031;0;0.041;0.017;0.779;-0.113;0.049;0.007;0.334;0.005;0.231;-0.377;0.218;0.001;0.164;0.001;0.333;-0.049;0.096;0.064;0.043;0.002;0.078;-0.049;0.002;0.001;0.017;0.001;0.217;-0.066;0.016;0.004;0.041;0.001;0.124;-0.117;0.083;0.001;0.061;0.007;0.11;-0.078;0.001;0.004;0.012;0.007;0.909;-0.218;0.002;0;0.131;0.001;0.547;-0.143;0.073;0.012;0.18;0.019;0.36;-0.191;-0.031;0.002;0.036;0.001;0.257;-0.162;-0.004;0.001;0.098;0.002;0.265;-0.171;0.025;0.001;0.041;0.003;0.202;-0.158;0.088;0.003;0.218;0.023;0.253
39;0.097;0.068;0.076;0.192;0.008;0.074;-0.029;0.044;0.004;0.071;0.009;0.516;-0.164;0.136;0.002;0.033;0.001;0.168;-0.363;0.028;0;0.252;0.003;0.632;-0.09;-0.016;0.001;0.113;0.005;0.703;-0.269;-0.013;0.016;0.14;0.004;0.275;-0.406;0.064;0.001;0.028;0;0.338;-0.296;0.167;0.001;0.226;0.003;0.28;-0.126;0.001;0.002;0.002;0;0.007;-0.202;-0.018;0.001;0.045;0;0.649;-0.287;0.052;0.001;0.043;0.006;0.048;-0.119;0.001;0.526;0.021;0.01;0.287;-0.12;0.019;0.001;0.038;0;0.506;0.203;0.03;0.017;0.268;0.084;0.245;-0.162;0.006;0.104;0.015;0.004;0.152;-0.185;-0.021;0.001;0.051;0;0.193;-0.464;-0.03;0;0.041;0.018;0.775;-0.12;0.005;0.01;0.18;0.004;0.277;-0.274;0.136;0.002;0.152;0.001;0.309;-0.082;0.072;0.053;0.054;0.002;0.089;-0.018;0.011;0.001;0.02;0.001;0.237;-0.085;-0.011;0.006;0.044;0.001;0.195;-0.148;0.068;0.002;0.061;0.006;0.107;0.029;0.041;0.006;0.011;0.005;0.896;-0.231;-0.011;0;0.144;0;0.604;-0.19;0.167;0.131;0.068;0.006;0.131;-0.182;-0.031;0.003;0.03;0.001;0.253;-0.221;-0.026;0.001;0.148;0.002;0.285;-0.23;-0.013;0.001;0.026;0.002;0.161;-0.206;0.083;0.005;0.118;0.018;0.198
40;0.083;0.069;0.062;0.253;0.007;0.111;-0.018;0.053;0.004;0.08;0.01;0.556;-0.148;0.053;0.003;0.044;0.001;0.301;-0.377;0.032;0;0.245;0.003;0.609;-0.089;0.069;0.001;0.133;0.005;0.661;-0.257;0;0.025;0.089;0.003;0.242;-0.435;0.061;0.001;0.027;0;0.409;-0.168;0.165;0.002;0.159;0.002;0.204;-0.12;-0.002;0.002;0.002;0;0.006;-0.229;-0.029;0.002;0.056;0;0.581;-0.296;0.054;0.001;0.041;0.007;0.052;-0.137;0.019;0.281;0.041;0.011;0.404;-0.104;0.009;0.001;0.041;0;0.442;0.158;0.032;0.017;0.263;0.094;0.192;-0.154;0.014;0.076;0.013;0.003;0.118;-0.146;-0.014;0.001;0.067;0;0.287;-0.409;-0.005;0;0.063;0.037;0.714;-0.036;-0.007;0.004;0.252;0.002;0.359;-0.225;0.197;0.001;0.285;0.001;0.268;-0.108;0.049;0.027;0.049;0.001;0.139;-0.006;0.01;0.002;0.021;0.001;0.22;-0.114;-0.021;0.001;0.09;0;0.301;-0.116;0.105;0.001;0.044;0.003;0.1;-0.008;-0.029;0.003;0.014;0.005;0.913;-0.203;-0.009;0;0.17;0.001;0.58;0.143;0.173;0.84;0.007;0.007;0.01;-0.179;-0.03;0.001;0.026;0.001;0.256;-0.235;-0.035;0.001;0.175;0.002;0.29;-0.224;-0.003;0.001;0.025;0.002;0.168;-0.122;0.133;0.003;0.214;0.037;0.221
41;-0.014;0.07;0.016;0.505;0.004;0.262;-0.011;0.068;0.004;0.08;0.011;0.562;-0.173;0.075;0.003;0.052;0.001;0.256;-0.382;0.029;0;0.203;0.005;0.631;-0.106;-0.02;0.001;0.048;0.001;0.799;-0.251;0.005;0.022;0.088;0.003;0.242;-0.379;0.058;0.001;0.029;0;0.392;-0.107;0.004;0.004;0.082;0.001;0.213;-0.148;0.007;0.003;0.002;0.001;0.01;-0.233;-0.043;0.001;0.034;0;0.672;-0.299;0.051;0.001;0.039;0.006;0.049;-0.181;-0.001;0.302;0.036;0.012;0.431;-0.046;-0.008;0.001;0.033;0;0.438;0.236;0.033;0.018;0.285;0.072;0.228;-0.115;0.018;0.042;0.014;0.003;0.174;-0.171;-0.022;0.001;0.063;0;0.255;-0.427;-0.069;0.001;0.113;0.098;0.591;-0.085;0.04;0.015;0.19;0.003;0.278;-0.095;0.078;0.002;0.068;0;0.277;-0.279;-0.065;0.008;0.026;0;0.322;-0.003;0.014;0.002;0.02;0.001;0.188;-0.164;-0.003;0.001;0.091;0.001;0.246;-0.106;0.115;0.001;0.024;0.001;0.082;0.005;0.027;0.004;0.017;0.007;0.885;-0.209;0.008;0;0.172;0.001;0.625;-0.238;0.145;0.019;0.045;0.015;0.127;-0.18;-0.011;0.002;0.031;0.001;0.263;-0.208;-0.038;0.001;0.157;0.002;0.303;-0.203;-0.002;0.001;0.031;0.004;0.192;-0.134;0.111;0.004;0.203;0.04;0.284
42;0.012;0.066;0.028;0.396;0.005;0.232;-0.043;0.05;0.004;0.101;0.013;0.554;-0.115;0.094;0.004;0.048;0.002;0.224;-0.371;0.04;0;0.239;0.002;0.603;-0.091;0.047;0.001;0.126;0.006;0.643;-0.286;0.017;0.011;0.146;0.005;0.287;-0.375;0.068;0.001;0.031;0;0.39;-0.269;0.196;0.004;0.341;0.002;0.18;-0.118;-0.002;0.004;0.002;0.001;0.012;-0.253;-0.043;0.001;0.039;0;0.673;-0.29;0.056;0.001;0.036;0.007;0.045;-0.145;-0.017;0.244;0.033;0.012;0.494;-0.06;-0.006;0.001;0.039;0;0.36;0.213;0.031;0.019;0.218;0.059;0.306;-0.186;0.005;0.074;0.017;0.005;0.242;-0.125;-0.02;0.001;0.062;0;0.266;-0.425;-0.068;0.001;0.116;0.097;0.591;-0.148;0.029;0.005;0.343;0.004;0.329;-0.182;0.076;0.002;0.04;0;0.357;-0.147;0.045;0.014;0.041;0.001;0.14;-0.012;0.006;0.002;0.023;0.002;0.226;-0.158;-0.017;0.001;0.09;0.001;0.229;-0.127;0.091;0.002;0.043;0.003;0.101;0.008;0.001;0.003;0.015;0.008;0.903;-0.211;0.001;0;0.179;0.001;0.594;-0.129;0.086;0.063;0.147;0.014;0.161;-0.224;-0.022;0.003;0.039;0.001;0.228;-0.252;-0.041;0.001;0.169;0.002;0.301;-0.209;0.015;0.001;0.031;0.005;0.194;-0.164;0.049;0.004;0.099;0.02;0.15
43;0.038;0.068;0.044;0.33;0.01;0.178;-0.047;0.04;0.003;0.099;0.007;0.57;-0.174;0.018;0.003;0.03;0.001;0.43;-0.253;0.049;0;0.419;0.004;0.418;-0.102;-0.003;0.001;0.106;0.008;0.698;-0.326;-0.001;0.011;0.191;0.005;0.292;-0.39;0.056;0.001;0.029;0;0.397;-0.183;0.236;0.004;0.163;0.001;0.161;-0.129;-0.003;0.003;0.002;0;0.009;-0.223;-0.027;0.002;0.057;0.001;0.621;-0.312;0.054;0.001;0.041;0.007;0.052;-0.157;-0.064;0.048;0.026;0.009;0.833;-0.042;-0.013;0.001;0.039;0;0.349;0.179;0.031;0.02;0.274;0.055;0.246;-0.232;0.008;0.149;0.013;0.006;0.29;-0.186;-0.011;0.001;0.055;0;0.199;-0.428;-0.004;0;0.061;0.046;0.664;-0.174;0.009;0.003;0.413;0.003;0.252;-0.246;0.104;0.001;0.11;0;0.347;-0.14;0.052;0.017;0.053;0.001;0.134;-0.01;0.008;0.002;0.021;0.001;0.233;-0.207;-0.03;0.002;0.146;0.001;0.351;-0.172;0.089;0.002;0.066;0.005;0.173;0.149;0.024;0.011;0.014;0.013;0.86;-0.261;-0.019;0;0.112;0;0.683;-0.129;0.151;0.132;0.074;0.015;0.067;-0.204;-0.02;0.002;0.032;0.001;0.233;-0.249;-0.036;0.001;0.184;0.002;0.318;-0.236;-0.018;0.001;0.033;0.002;0.212;-0.154;0.182;0.003;0.176;0.026;0.359
44;0.056;0.065;0.058;0.372;0.007;0.104;-0.035;0.044;0.003;0.107;0.006;0.57;-0.089;0.12;0.019;0.072;0.012;0.186;-0.203;0.025;0;0.467;0.006;0.355;-0.154;-0.007;0.001;0.125;0.009;0.664;-0.307;0.004;0.008;0.158;0.004;0.285;-0.402;0.072;0.001;0.029;0;0.4;-0.168;0.174;0.002;0.201;0.003;0.241;-0.083;0.001;0.003;0.002;0;0.011;-0.216;-0.034;0.001;0.049;0;0.643;-0.267;0.053;0.001;0.043;0.006;0.058;-0.128;-0.036;0.377;0.024;0.014;0.459;-0.052;-0.013;0.001;0.034;0;0.386;0.157;0.032;0.037;0.217;0.082;0.252;-0.231;0.041;0.162;0.009;0.005;0.185;-0.218;-0.058;0.001;0.04;0;0.43;-0.43;-0.003;0;0.064;0.047;0.659;-0.134;0.038;0.005;0.307;0.004;0.292;-0.231;0.174;0.002;0.302;0.001;0.283;-0.129;0.048;0.015;0.044;0.001;0.132;-0.033;0.019;0.002;0.018;0.002;0.174;-0.224;-0.022;0.001;0.185;0.001;0.374;-0.154;0.12;0.002;0.038;0.003;0.127;0.114;0.021;0.01;0.016;0.009;0.849;-0.355;-0.062;0;0.041;0;0.872;-0.157;0.313;0.126;0.043;0.009;0.052;-0.204;-0.028;0.002;0.022;0.001;0.26;-0.243;-0.029;0.001;0.189;0.002;0.307;-0.23;-0.018;0.001;0.026;0.003;0.215;-0.167;0.079;0.007;0.162;0.023;0.209
45;0.063;0.066;0.032;0.476;0.007;0.098;-0.052;0.044;0.002;0.079;0.006;0.597;-0.03;0.093;0.008;0.044;0.005;0.149;-0.236;0.047;0;0.344;0.014;0.475;-0.125;0.025;0.001;0.12;0.007;0.723;-0.278;0.003;0.009;0.149;0.004;0.313;-0.311;0.037;0.001;0.035;0;0.416;-0.167;0.206;0.003;0.176;0.002;0.261;-0.05;0.004;0.006;0.001;0;0.006;-0.235;-0.032;0.001;0.04;0;0.647;-0.268;0.054;0.001;0.05;0.006;0.063;-0.097;-0.033;0.147;0.029;0.014;0.68;-0.042;0.013;0.001;0.038;0;0.35;0.173;0.033;0.089;0.178;0.045;0.151;-0.196;0.013;0.124;0.011;0.005;0.27;-0.159;-0.02;0.003;0.104;0;0.385;-0.424;-0.003;0;0.065;0.048;0.654;-0.117;0.045;0.009;0.352;0.005;0.201;-0.373;0.265;0.001;0.396;0.001;0.29;-0.087;0.1;0.041;0.026;0.002;0.052;-0.042;0.008;0.001;0.018;0.001;0.214;-0.106;-0.01;0.005;0.071;0.001;0.222;-0.178;0.104;0.002;0.045;0.004;0.144;0.027;0.012;0.006;0.014;0.009;0.873;-0.464;-0.056;0;0.229;0.002;0.591;-0.172;0.35;0.129;0.045;0.011;0.068;-0.207;-0.024;0.002;0.036;0.001;0.295;-0.226;-0.026;0.001;0.164;0.002;0.297;-0.218;0.004;0.001;0.031;0.004;0.213;-0.2;0.077;0.004;0.104;0.024;0.176
46;0.085;0.065;0.059;0.208;0.013;0.067;-0.042;0.05;0.003;0.075;0.009;0.613;-0.044;0.086;0.006;0.039;0.005;0.24;-0.289;0.037;0;0.358;0.01;0.474;-0.148;-0.007;0.001;0.116;0.007;0.696;-0.392;-0.029;0.004;0.268;0.006;0.311;-0.331;0.049;0.001;0.036;0;0.332;-0.117;0.185;0.004;0.173;0.002;0.25;-0.115;-0.003;0.005;0.002;0.001;0.007;-0.238;-0.025;0.002;0.049;0;0.652;-0.226;0.058;0.001;0.054;0.006;0.069;-0.13;-0.004;0.277;0.041;0.015;0.477;-0.012;0.015;0.001;0.029;0;0.397;0.157;0.031;0.03;0.266;0.133;0.136;-0.209;0.03;0.074;0.013;0.003;0.301;-0.104;0.021;0.038;0.183;0.002;0.239;-0.427;-0.003;0;0.066;0.048;0.654;-0.13;-0.183;0.003;0.143;0.002;0.511;-0.216;0.172;0.001;0.256;0.001;0.312;-0.117;0.062;0.026;0.034;0.001;0.085;-0.026;0.009;0.002;0.018;0.001;0.181;-0.169;-0.015;0.001;0.105;0.001;0.321;-0.14;0.081;0.001;0.03;0.003;0.076;-0.009;0.012;0.009;0.016;0.013;0.855;-0.489;-0.04;0;0.215;0.001;0.661;-0.144;0.327;0.115;0.035;0.014;0.063;-0.218;-0.035;0.002;0.049;0.001;0.295;-0.229;-0.039;0.001;0.132;0.002;0.318;-0.185;0.005;0.001;0.032;0.003;0.17;-0.151;0.082;0.006;0.176;0.026;0.185
47;0.067;0.065;0.058;0.214;0.01;0.095;-0.047;0.048;0.004;0.086;0.011;0.602;-0.055;0.116;0.01;0.04;0.007;0.213;-0.303;0.033;0.001;0.267;0.014;0.574;-0.136;0.043;0.001;0.143;0.012;0.607;-0.129;0.056;0.009;0.083;0.008;0.225;-0.296;0.058;0.001;0.032;0;0.396;-0.132;0.204;0.004;0.21;0.003;0.225;-0.156;-0.011;0.002;0.001;0;0.005;-0.233;-0.017;0.001;0.065;0.001;0.577;-0.248;0.055;0.001;0.089;0.007;0.119;-0.132;-0.007;0.15;0.042;0.016;0.648;-0.024;0.014;0.001;0.033;0;0.334;0.175;0.043;0.025;0.247;0.071;0.279;0.137;0.019;0.55;0.006;0.003;0.118;0.063;-0.019;0.004;0.128;0.001;0.641;-0.406;0.006;0.001;0.087;0.128;0.478;-0.099;0.05;0.006;0.414;0.007;0.228;-0.264;0.163;0.001;0.376;0.001;0.318;-0.106;0.168;0.027;0.035;0.003;0.06;0.009;0.008;0.002;0.02;0.001;0.202;-0.174;-0.02;0.001;0.118;0.001;0.34;-0.169;0.107;0.001;0.033;0.002;0.109;0.026;0.03;0.01;0.016;0.008;0.84;-0.449;-0.08;0;0.126;0.001;0.693;-0.151;0.169;0.016;0.105;0.015;0.126;-0.235;-0.029;0.003;0.072;0.002;0.311;-0.328;-0.302;0.003;0.025;0.001;0.518;-0.2;-0.012;0.001;0.034;0.002;0.183;-0.149;0.07;0.005;0.152;0.028;0.224
48;0.027;0.066;0.044;0.327;0.008;0.164;-0.047;0.034;0.003;0.084;0.005;0.634;-0.046;0.079;0.004;0.024;0.002;0.128;-0.249;0.027;0.001;0.247;0.014;0.562;-0.187;0.025;0.001;0.164;0.011;0.599;-0.116;0.061;0.006;0.063;0.01;0.195;-0.331;0.059;0.001;0.036;0;0.369;-0.145;0.184;0.005;0.158;0.002;0.198;-0.148;-0.01;0.006;0.001;0.001;0.006;-0.215;-0.028;0.001;0.058;0;0.59;-0.212;0.059;0.002;0.073;0.007;0.11;-0.137;-0.022;0.287;0.031;0.015;0.513;-0.03;0.009;0.001;0.036;0;0.402;0.164;0.036;0.018;0.275;0.076;0.217;-0.201;0.055;0.255;0.007;0.005;0.133;-0.171;-0.012;0.001;0.075;0;0.652;-0.392;0.009;0.001;0.088;0.148;0.472;-0.116;0.035;0.009;0.296;0.005;0.262;-0.28;0.147;0.001;0.322;0.001;0.328;-0.105;0.062;0.017;0.082;0.003;0.142;-0.004;0.025;0.002;0.022;0.001;0.194;-0.299;0.011;0.001;0.231;0.001;0.435;-0.187;0.088;0.002;0.069;0.004;0.188;0.088;-0.001;0.009;0.014;0.011;0.864;-0.418;-0.048;0;0.16;0.001;0.688;-0.182;0.2;0.005;0.133;0.011;0.166;-0.222;-0.028;0.004;0.06;0.002;0.313;-0.208;-0.024;0.001;0.154;0.002;0.261;-0.213;-0.008;0.001;0.026;0.002;0.156;-0.16;0.08;0.005;0.095;0.023;0.157
49;0.051;0.067;0.028;0.356;0.011;0.137;-0.051;0.033;0.003;0.087;0.006;0.653;-0.135;0.079;0.006;0.058;0.004;0.219;-0.303;0.038;0;0.296;0.008;0.513;-0.18;0.019;0.001;0.134;0.007;0.637;-0.448;-0.087;0.002;0.149;0.006;0.563;-0.362;0.08;0.001;0.034;0;0.336;-0.148;0.184;0.004;0.168;0.002;0.213;-0.113;-0.009;0.012;0.001;0.001;0.008;-0.208;-0.01;0.001;0.063;0.001;0.664;-0.204;0.066;0.002;0.079;0.007;0.108;-0.151;-0.023;0.42;0.026;0.02;0.415;-0.102;0.018;0.001;0.033;0;0.464;0.162;0.033;0.023;0.279;0.067;0.206;-0.229;0.073;0.11;0.01;0.004;0.228;-0.083;-0.01;0.005;0.107;0.001;0.484;-0.399;-0.017;0;0.068;0.049;0.683;-0.079;0.046;0.013;0.267;0.006;0.194;-0.29;0.121;0.001;0.258;0.001;0.399;-0.16;0.054;0.013;0.04;0.001;0.091;-0.048;0.02;0.001;0.016;0.001;0.171;-0.273;-0.017;0.002;0.248;0.002;0.418;-0.098;0.07;0.028;0.041;0.002;0.165;0.098;0.019;0.014;0.016;0.015;0.834;-0.382;-0.063;0;0.138;0.001;0.73;-0.14;0.271;0.008;0.072;0.013;0.195;-0.233;-0.029;0.004;0.08;0.002;0.297;-0.21;-0.019;0.001;0.119;0.002;0.269;-0.243;-0.051;0.001;0.031;0.001;0.239;-0.136;0.067;0.005;0.149;0.024;0.207
50;0.033;0.063;0.032;0.369;0.008;0.18;-0.052;0.05;0.003;0.105;0.01;0.577;-0.126;0.11;0.006;0.047;0.004;0.209;-0.33;0.016;0;0.282;0.01;0.52;-0.191;0.042;0.001;0.2;0.01;0.606;-0.247;0.03;0.003;0.088;0.006;0.32;-0.296;0.048;0.001;0.044;0;0.344;-0.117;0.26;0.002;0.238;0.003;0.246;-0.121;-0.009;0.011;0.002;0.001;0.008;-0.222;-0.011;0.001;0.072;0.001;0.617;-0.213;0.068;0.002;0.078;0.006;0.117;-0.183;-0.036;0.222;0.029;0.015;0.619;-0.032;-0.005;0.001;0.035;0;0.417;0.134;0.033;0.018;0.233;0.118;0.314;-0.248;0.072;0.042;0.014;0.003;0.363;-0.002;-0.007;0.006;0.119;0.001;0.603;-0.389;-0.005;0;0.065;0.05;0.673;-0.103;-0.205;0.003;0.235;0.003;0.4;-0.214;0.225;0.001;0.429;0.001;0.217;-0.104;0.083;0.019;0.061;0.002;0.104;0.006;0.021;0.001;0.02;0.001;0.214;-0.278;0.025;0.002;0.203;0.001;0.362;-0.083;0.068;0.058;0.054;0.003;0.208;0.139;-0.003;0.007;0.014;0.009;0.89;-0.308;-0.038;0;0.083;0;0.723;-0.22;0.245;0.006;0.09;0.014;0.141;-0.224;-0.02;0.003;0.047;0.001;0.333;-0.243;-0.044;0.001;0.169;0.002;0.3;-0.216;-0.018;0.001;0.04;0.002;0.178;-0.16;0.064;0.005;0.171;0.029;0.207
51;0.068;0.065;0.041;0.216;0.013;0.115;-0.048;0.053;0.003;0.091;0.008;0.617;-0.114;0.087;0.005;0.033;0.003;0.172;-0.335;0.014;0;0.254;0.008;0.548;-0.165;0.018;0.001;0.197;0.009;0.623;-0.326;0.022;0.003;0.168;0.008;0.454;-0.34;0.077;0.001;0.029;0;0.354;-0.182;0.17;0.003;0.131;0.001;0.313;-0.106;-0.011;0.014;0.002;0.001;0.009;-0.22;-0.015;0.001;0.087;0.001;0.607;-0.25;0.079;0.001;0.218;0.01;0.231;-0.143;-0.015;0.428;0.026;0.015;0.39;-0.041;0.027;0.001;0.037;0;0.376;0.193;0.038;0.026;0.308;0.063;0.172;-0.198;0.038;0.004;0.031;0.002;0.366;0.006;-0.001;0.003;0.09;0.001;0.647;-0.403;0.013;0.001;0.124;0.19;0.416;-0.093;0.05;0.012;0.282;0.006;0.184;-0.244;0.223;0.001;0.353;0.001;0.274;-0.11;0.05;0.011;0.048;0.001;0.141;0.003;0.027;0.003;0.019;0.001;0.164;-0.281;-0.001;0.003;0.17;0.002;0.349;-0.028;0.072;0.055;0.036;0.003;0.154;0.064;-0.002;0.006;0.015;0.011;0.875;-0.275;-0.026;0;0.102;0;0.67;-0.194;0.215;0.006;0.091;0.022;0.136;-0.222;-0.034;0.003;0.055;0.002;0.384;-0.225;-0.025;0.001;0.132;0.001;0.304;-0.307;-0.081;0.001;0.037;0;0.288;-0.152;0.049;0.004;0.112;0.022;0.17
52;0.026;0.066;0.033;0.265;0.017;0.125;-0.029;0.039;0.004;0.089;0.008;0.631;-0.18;0.075;0.009;0.038;0.004;0.273;-0.358;0.005;0;0.255;0.009;0.537;-0.101;0.034;0.001;0.162;0.008;0.67;-0.559;-0.174;0.001;0.026;0.001;0.386;-0.343;0.072;0.001;0.038;0;0.387;-0.183;0.227;0.002;0.193;0.003;0.221;-0.094;-0.003;0.008;0.001;0.001;0.005;-0.233;-0.022;0.001;0.084;0.001;0.619;-0.212;0.127;0.001;0.123;0.008;0.198;-0.172;-0.01;0.555;0.025;0.009;0.217;-0.013;0.031;0.001;0.038;0;0.498;0.161;0.035;0.023;0.288;0.069;0.156;-0.19;0.057;0.003;0.041;0.002;0.434;0.019;0.007;0.007;0.143;0.001;0.425;-0.443;0.011;0.001;0.109;0.145;0.494;-0.09;0.052;0.009;0.321;0.005;0.213;-0.429;0.361;0;0.654;0.001;0.215;-0.099;0.061;0.01;0.041;0.001;0.099;0.013;0.021;0.002;0.021;0.002;0.197;-0.276;0.014;0.002;0.182;0.001;0.341;-0.003;0.1;0.064;0.039;0.003;0.124;0.041;0.008;0.006;0.016;0.008;0.855;-0.351;-0.019;0;0.133;0;0.687;-0.16;0.219;0.014;0.056;0.013;0.112;-0.236;-0.015;0.003;0.066;0.002;0.381;-0.177;-0.038;0.001;0.085;0.001;0.28;-0.234;-0.018;0.001;0.035;0.001;0.18;-0.165;0.13;0.002;0.204;0.024;0.232
53;-0.029;0.055;0.008;0.38;0.002;0.457;-0.03;0.06;0.003;0.087;0.008;0.629;-0.189;0.068;0.009;0.049;0.004;0.224;-0.349;0.013;0;0.298;0.009;0.527;-0.168;0.018;0.001;0.142;0.014;0.619;-0.32;0.034;0.003;0.104;0.008;0.322;-0.346;0.105;0.001;0.035;0;0.268;-0.125;0.245;0.002;0.215;0.003;0.294;-0.114;-0.011;0.009;0.002;0.001;0.009;-0.213;-0.029;0.001;0.098;0.001;0.609;-0.193;0.137;0.001;0.141;0.01;0.191;-0.147;-0.014;0.527;0.027;0.01;0.244;-0.031;0.012;0.001;0.039;0;0.601;0.194;0.035;0.027;0.294;0.079;0.209;-0.225;0.064;0.003;0.031;0.001;0.409;-0.113;-0.002;0.004;0.083;0;0.491;-0.401;0.011;0.001;0.121;0.188;0.421;-0.12;-0.218;0.002;0.188;0.002;0.449;-0.438;0.414;0;0.767;0.001;0.147;-0.104;0.122;0.02;0.058;0.002;0.106;0.015;0.017;0.003;0.02;0.002;0.186;-0.243;0.019;0.002;0.147;0.001;0.319;-0.087;0.126;0.028;0.044;0.003;0.168;0.076;0.021;0.006;0.017;0.006;0.84;-0.401;-0.021;0;0.243;0.001;0.625;-0.224;0.217;0.013;0.096;0.025;0.15;-0.224;-0.02;0.003;0.057;0.002;0.277;-0.202;-0.036;0.001;0.087;0.001;0.303;-0.241;-0.02;0.001;0.035;0.001;0.224;-0.175;0.115;0.002;0.225;0.018;0.27
54;0.003;0.064;0.025;0.316;0.012;0.162;-0.092;0.07;0.002;0.089;0.006;0.665;-0.166;0.065;0.006;0.029;0.002;0.168;-0.34;0.009;0;0.319;0.008;0.53;-0.134;0.049;0.001;0.165;0.011;0.632;-0.289;0.041;0.003;0.076;0.009;0.265;-0.406;0.111;0.001;0.03;0;0.326;-0.18;0.191;0.002;0.189;0.001;0.285;-0.154;-0.067;0.027;0.003;0.001;0.032;-0.241;-0.036;0.001;0.071;0.001;0.673;-0.178;0.108;0.001;0.111;0.007;0.173;-0.161;-0.006;0.339;0.034;0.011;0.396;-0.019;0.016;0.001;0.046;0;0.573;0.224;0.042;0.02;0.276;0.129;0.232;-0.191;0.047;0.004;0.027;0.001;0.401;-0.132;0.002;0.005;0.1;0.001;0.39;-0.441;0.012;0.001;0.112;0.154;0.479;-0.147;0.045;0.009;0.27;0.005;0.293;-0.32;0.291;0.001;0.422;0.001;0.326;-0.123;0.055;0.018;0.058;0.001;0.126;-0.026;0.02;0.002;0.019;0.001;0.194;-0.265;0.018;0.003;0.146;0.001;0.303;-0.078;0.106;0.018;0.047;0.002;0.152;0.074;0.02;0.007;0.017;0.011;0.851;-0.451;-0.037;0;0.221;0.001;0.666;-0.239;-0.087;0.001;0.183;0.002;0.418;-0.219;-0.008;0.002;0.058;0.002;0.371;-0.191;-0.044;0.001;0.131;0.002;0.29;-0.267;-0.045;0.001;0.028;0.001;0.228;-0.156;0.101;0.002;0.24;0.032;0.223
55;-0.035;0.058;0.018;0.384;0.003;0.261;-0.156;0.068;0.001;0.267;0.007;0.565;-0.178;0.073;0.004;0.03;0.002;0.19;-0.364;0.009;0;0.299;0.009;0.546;-0.182;-0.063;0.001;0.064;0.001;0.828;-0.273;0.044;0.002;0.074;0.009;0.258;-0.344;0.06;0.001;0.02;0;0.456;-0.155;0.239;0.002;0.241;0.003;0.246;-0.121;0.005;0.006;0;0.001;0.002;-0.314;-0.027;0;0.251;0.002;0.377;-0.169;0.127;0.001;0.126;0.009;0.197;-0.176;-0.001;0.201;0.036;0.014;0.564;-0.044;0;0.001;0.043;0;0.548;0.16;0.043;0.019;0.245;0.057;0.299;-0.225;0.049;0.003;0.036;0.001;0.472;-0.078;-0.004;0.003;0.106;0.001;0.361;-0.398;0.002;0;0.09;0.089;0.58;-0.11;0.035;0.019;0.258;0.006;0.213;-0.358;0.292;0.001;0.431;0.001;0.328;-0.253;-0.026;0.007;0.052;0.001;0.25;-0.04;0.033;0.002;0.021;0.002;0.182;-0.22;0.021;0.003;0.138;0.001;0.277;-0.126;0.104;0.003;0.053;0.003;0.131;0.036;0.024;0.006;0.017;0.008;0.852;-0.429;-0.037;0;0.262;0.001;0.61;-0.24;0.01;0.001;0.176;0.004;0.415;-0.22;-0.036;0.004;0.11;0.002;0.311;-0.206;-0.042;0.001;0.134;0.002;0.271;-0.245;-0.025;0.001;0.031;0.001;0.202;-0.161;0.102;0.003;0.239;0.023;0.22
56;-0.034;0.078;0.003;0.217;0.003;0.092;-0.077;0.055;0.003;0.143;0.008;0.622;-0.199;0.114;0.005;0.047;0.002;0.239;-0.338;0.016;0;0.303;0.011;0.513;-0.195;0.04;0.001;0.144;0.009;0.645;-0.229;0.046;0.003;0.079;0.004;0.376;-0.286;0.013;0.001;0.032;0;0.254;-0.118;0.192;0.002;0.202;0.003;0.251;-0.148;-0.011;0.008;0.001;0.001;0.004;-0.23;-0.03;0.001;0.087;0.001;0.624;-0.157;0.123;0.001;0.132;0.01;0.174;-0.185;-0.015;0.308;0.03;0.011;0.493;-0.089;0.014;0.001;0.017;0;0.477;0.168;0.042;0.136;0.156;0.038;0.175;-0.225;0.044;0.002;0.051;0.001;0.378;-0.058;-0.019;0.004;0.093;0;0.316;-0.379;0.008;0.001;0.094;0.145;0.484;-0.053;0.058;0.019;0.209;0.004;0.187;-0.25;0.165;0.002;0.104;0;0.35;-0.135;0.059;0.009;0.094;0.001;0.182;0.006;0.016;0.002;0.02;0.001;0.213;-0.217;0.019;0.003;0.136;0.001;0.269;-0.167;0.096;0.001;0.051;0.002;0.146;0.023;0.049;0.007;0.018;0.011;0.848;-0.369;-0.026;0;0.148;0.001;0.702;-0.147;-0.063;0.03;0.037;0.006;0.104;-0.231;-0.037;0.004;0.124;0.002;0.348;-0.276;-0.038;0.001;0.314;0.002;0.265;-0.24;-0.022;0.001;0.033;0.001;0.211;-0.153;0.07;0.005;0.228;0.018;0.202
57;-0.019;0.049;0.007;0.141;0.043;0.133;-0.078;0.055;0.002;0.096;0.007;0.651;-0.187;0.082;0.006;0.041;0.002;0.188;-0.341;0.002;0;0.301;0.011;0.512;-0.226;-0.067;0.001;0.076;0.002;0.787;-0.264;0.041;0.002;0.109;0.006;0.417;-0.332;0.023;0.001;0.032;0;0.289;-0.145;0.239;0.002;0.234;0.003;0.323;-0.146;-0.011;0.006;0.001;0;0.006;-0.233;-0.029;0.001;0.061;0;0.625;-0.189;0.13;0.001;0.156;0.01;0.206;-0.157;-0.018;0.367;0.038;0.012;0.403;0.202;0.023;0.109;0.014;0.001;0.189;0.22;0.025;0.098;0.146;0.018;0.09;-0.211;0.049;0.007;0.026;0.002;0.34;-0.098;-0.019;0.003;0.106;0;0.362;-0.403;0.002;0;0.078;0.069;0.632;-0.066;0.041;0.018;0.253;0.004;0.187;-0.287;0.249;0.002;0.261;0.001;0.329;-0.128;0.063;0.007;0.057;0.001;0.154;-0.065;0.025;0.002;0.021;0.002;0.207;-0.202;0.03;0.004;0.092;0.002;0.178;-0.187;0.17;0.002;0.061;0.004;0.158;-0.127;-0.02;0.005;0.017;0.004;0.87;-0.424;-0.177;0;0.018;0;0.859;-0.162;-0.032;0.001;0.333;0.005;0.483;-0.264;-0.036;0.002;0.069;0.001;0.565;-0.234;-0.046;0.001;0.208;0.002;0.268;-0.156;-0.061;0.002;0.04;0.003;0.175;-0.152;0.063;0.004;0.196;0.023;0.162
58;0.032;0.041;0.008;0.137;0.009;0.145;-0.088;0.053;0.002;0.086;0.007;0.646;-0.169;0.115;0.004;0.034;0.002;0.222;-0.344;0;0;0.328;0.008;0.506;-0.089;0.031;0.001;0.16;0.009;0.631;-0.262;0.027;0.004;0.104;0.01;0.304;-0.318;0.05;0.001;0.027;0;0.324;-0.214;0.149;0.002;0.207;0.002;0.401;-0.167;-0.013;0.004;0.001;0;0.005;-0.239;-0.032;0.001;0.073;0.001;0.65;-0.194;0.127;0.001;0.144;0.01;0.207;-0.158;-0.01;0.356;0.041;0.011;0.407;0.299;0.031;0.59;0.003;0.002;0.056;0.278;0.024;0.074;0.231;0.017;0.144;-0.231;0.041;0.004;0.033;0.002;0.396;-0.093;-0.018;0.003;0.116;0;0.359;-0.4;0.001;0;0.078;0.068;0.628;-0.042;0.021;0.02;0.199;0.004;0.265;-0.283;0.211;0.002;0.406;0.001;0.279;-0.102;0.071;0.018;0.061;0.002;0.13;-0.049;0.001;0.001;0.025;0.001;0.294;-0.167;0.01;0.005;0.105;0.002;0.212;-0.184;0.064;0.001;0.066;0.001;0.205;-0.183;0.044;0.006;0.014;0.004;0.852;-0.323;-0.065;0;0.037;0;0.779;-0.082;-0.028;0.027;0.13;0.004;0.308;-0.228;-0.039;0.005;0.073;0.002;0.301;-0.24;-0.056;0.001;0.178;0.002;0.291;-0.256;-0.095;0.002;0.036;0.001;0.18;-0.153;0.067;0.004;0.196;0.021;0.203
59;0.028;0.06;0.01;0.07;0.008;0.067;-0.074;0.047;0.003;0.102;0.006;0.664;-0.163;0.143;0.005;0.041;0.002;0.227;-0.379;0.007;0;0.305;0.011;0.529;-0.124;0.034;0.001;0.154;0.013;0.602;-0.308;0.032;0.003;0.14;0.008;0.46;-0.313;0.049;0.001;0.029;0;0.411;-0.172;0.179;0.002;0.14;0.001;0.213;-0.169;-0.012;0.005;0.001;0.001;0.005;-0.245;-0.035;0.001;0.08;0.001;0.636;-0.226;0.133;0.001;0.121;0.01;0.192;-0.145;-0.016;0.229;0.039;0.013;0.543;0.14;0.031;0.598;0.002;0.002;0.034;0.257;0.027;0.034;0.246;0.028;0.171;-0.236;0.046;0.003;0.027;0.002;0.331;-0.076;-0.035;0.003;0.078;0;0.313;-0.434;-0.002;0;0.108;0.076;0.651;-0.087;0.054;0.01;0.344;0.005;0.241;-0.458;0.432;0.001;0.645;0.002;0.105;-0.139;0.069;0.006;0.055;0.001;0.147;-0.021;0;0.001;0.022;0.001;0.265;-0.233;0.003;0.004;0.144;0.002;0.299;-0.165;0.071;0.002;0.046;0.002;0.128;-0.105;0.258;0.003;0.012;0.021;0.88;-0.282;-0.119;0;0.084;0;0.763;0.288;0.068;0.924;0.002;0.001;0.003;-0.228;-0.033;0.004;0.088;0.002;0.323;-0.292;-0.282;0.003;0.02;0.001;0.513;-0.239;-0.055;0.001;0.037;0.001;0.21;-0.179;0.076;0.003;0.307;0.014;0.242
60;-0.002;0.03;0.002;0.15;0.014;0.116;-0.074;0.061;0.002;0.069;0.005;0.673;-0.16;0.075;0.006;0.039;0.002;0.225;-0.367;0.017;0;0.344;0.011;0.479;-0.105;-0.022;0.001;0.105;0.006;0.694;-0.212;0.233;0.001;0.018;0.554;0.033;-0.325;0.036;0.001;0.032;0;0.379;-0.181;0.235;0.002;0.235;0.004;0.292;-0.188;-0.014;0.002;0.001;0;0.004;-0.237;-0.021;0.001;0.07;0.001;0.663;-0.163;0.134;0.001;0.142;0.01;0.209;-0.172;-0.029;0.129;0.039;0.013;0.669;-0.019;0.019;0.07;0.013;0.001;0.164;0.273;0.016;0.048;0.213;0.027;0.165;-0.217;0.038;0.002;0.032;0.002;0.363;0.007;-0.017;0.004;0.109;0.001;0.236;-0.428;-0.002;0;0.098;0.064;0.681;-0.048;0.048;0.013;0.345;0.006;0.189;-0.169;0.095;0.08;0.034;0.001;0.406;-0.074;0.087;0.025;0.046;0.002;0.105;-0.017;0.003;0.002;0.018;0.001;0.221;0.026;0.289;0.002;0.036;0.72;0.014;-0.178;0.095;0.002;0.062;0.003;0.149;0.149;0.018;0.004;0.002;0.002;0.554;-0.182;0.069;0;0.088;0;0.664;;;;;;;-0.253;-0.035;0.004;0.071;0.002;0.306;-0.235;-0.022;0.001;0.106;0.001;0.293;-0.231;-0.035;0.001;0.053;0.002;0.248;-0.154;0.049;0.003;0.187;0.012;0.246
61;0.037;0.054;0.003;0.107;0.014;0.113;0.093;0.079;0.017;0.07;0.062;0.372;-0.318;-0.005;0.003;0.135;0.001;0.729;-0.375;0.068;0;0.309;0.01;0.519;-0.104;-0.023;0.001;0.094;0.005;0.734;-0.265;0.071;0.002;0.046;0.232;0.096;-0.317;0.048;0.001;0.029;0;0.396;-0.167;0.234;0.002;0.245;0.005;0.277;-0.167;-0.006;0.005;0.002;0;0.016;-0.228;-0.032;0.001;0.079;0.001;0.62;-0.17;0.144;0.001;0.154;0.011;0.215;-0.17;-0.021;0.176;0.036;0.013;0.616;0.054;0.057;0.102;0.011;0.001;0.142;0.307;0.027;0.12;0.163;0.019;0.106;-0.158;0.156;0.004;0.116;0.004;0.128;0.081;-0.019;0.016;0.108;0.001;0.533;-0.409;-0.008;0.001;0.108;0.122;0.606;-0.077;0.048;0.012;0.373;0.006;0.188;0.135;0.108;0.553;0.059;0.002;0.122;-0.115;0.055;0.006;0.042;0.001;0.127;-0.001;0.001;0.001;0.02;0.001;0.256;0.037;0.312;0.002;0.026;0.767;0.012;-0.148;0.078;0.014;0.046;0.002;0.162;-0.157;0.313;0.001;0.027;0.005;0.884;-0.193;-0.031;0;0.077;0;0.727;-0.025;0.131;0.007;0.316;0.007;0.384;-0.238;-0.042;0.005;0.082;0.002;0.344;-0.226;-0.025;0.001;0.114;0.002;0.311;-0.241;-0.033;0.001;0.042;0.001;0.255;-0.176;0.079;0.004;0.207;0.015;0.237
62;0.001;0.068;0.002;0.15;0.018;0.111;0.053;0.042;0.001;0.017;0.001;0.537;-0.217;0.037;0.004;0.113;0.001;0.774;-0.349;0.023;0;0.299;0.011;0.532;-0.1;0.085;0.001;0.16;0.014;0.645;-0.224;0.066;0.004;0.091;0.063;0.163;-0.34;0.041;0.001;0.028;0;0.402;-0.157;0.191;0.002;0.279;0.004;0.27;-0.156;0;0.004;0.001;0;0.008;-0.15;0.053;0.022;0.016;0.006;0.635;-0.174;0.147;0.001;0.156;0.013;0.215;-0.181;-0.023;0.167;0.035;0.012;0.62;-0.012;0.048;0.116;0.011;0.001;0.118;0.339;0.025;0.476;0.078;0.016;0.087;-0.289;-0.133;0.015;0.012;0.001;0.512;0.3;-0.007;0.213;0.047;0.002;0.457;-0.41;-0.008;0.001;0.109;0.125;0.601;-0.083;0.065;0.006;0.517;0.007;0.187;0.138;0.053;0.018;0.065;0.001;0.506;-0.144;0.057;0.008;0.068;0.001;0.154;-0.02;0.001;0.001;0.022;0.002;0.253;0.022;0.274;0.003;0.045;0.57;0.025;0.093;0.039;0.802;0.005;0.003;0.043;-0.094;0.072;0.001;0.016;0.005;0.935;-0.129;-0.045;0.003;0.021;0;0.515;-0.219;0.06;0.003;0.346;0.004;0.404;-0.255;-0.047;0.006;0.06;0.001;0.343;-0.222;-0.028;0.001;0.102;0.002;0.277;-0.29;-0.081;0.001;0.035;0;0.297;-0.189;0.081;0.004;0.227;0.018;0.213
63;0.041;0.073;0.004;0.074;0.019;0.066;0.093;0.042;0.002;0.015;0.003;0.47;-0.142;0.101;0.026;0.048;0.003;0.414;-0.395;0.04;0;0.315;0.012;0.507;-0.11;0.024;0.001;0.112;0.007;0.727;-0.275;0.007;0.004;0.222;0.008;0.421;-0.35;0.052;0.001;0.031;0;0.358;-0.176;0.214;0.001;0.144;0.001;0.376;-0.161;0.011;0.003;0.002;0;0.012;0.466;0.029;0.972;0.001;0.001;0.008;-0.21;0.135;0.001;0.16;0.01;0.203;-0.134;-0.028;0.626;0.017;0.009;0.179;0.208;-0.013;0.434;0.003;0.001;0.038;0.354;0.015;0.506;0.064;0.02;0.1;0.191;0.033;0.743;0.003;0.002;0.03;0.191;-0.008;0.015;0.023;0.001;0.801;-0.461;-0.02;0;0.078;0.045;0.728;-0.137;0.046;0.004;0.496;0.006;0.24;0.124;0.062;0.016;0.056;0.001;0.307;-0.171;0.052;0.007;0.079;0.001;0.195;-0.005;-0.01;0.001;0.02;0.001;0.322;-0.019;0.191;0.003;0.071;0.391;0.059;-0.073;0.063;0.033;0.033;0.001;0.177;-0.138;-0.084;0.001;0.012;0.002;0.948;-0.271;0.003;0;0.053;0.001;0.744;-0.22;0.051;0.002;0.351;0.005;0.402;-0.221;-0.045;0.006;0.097;0.002;0.287;-0.233;-0.03;0.001;0.167;0.002;0.285;-0.273;-0.048;0.001;0.032;0.001;0.265;-0.155;0.077;0.005;0.266;0.011;0.272
64;0.081;0.06;0.006;0.166;0.012;0.089;0.071;0.041;0.002;0.02;0.005;0.55;-0.119;0.075;0.142;0.055;0.005;0.285;-0.33;0.03;0;0.295;0.01;0.513;-0.112;0.019;0.001;0.112;0.012;0.652;-0.315;0.006;0.005;0.199;0.005;0.386;-0.341;0.046;0.001;0.029;0;0.393;-0.148;0.239;0.002;0.219;0.005;0.248;-0.159;0.019;0.004;0.001;0;0.009;0.121;-0.003;0.604;0.021;0.006;0.151;-0.18;0.121;0.001;0.164;0.009;0.233;-0.097;-0.009;0.446;0.029;0.013;0.341;0.215;-0.001;0.228;0.007;0.001;0.07;0.467;0.066;0.972;0;0.002;0.002;0.049;0.061;0.297;0.012;0.003;0.108;-0.012;-0.018;0.007;0.101;0.001;0.523;-0.405;-0.025;0;0.121;0.083;0.604;-0.201;0.021;0.004;0.438;0.006;0.279;0.135;0.063;0.14;0.09;0.002;0.381;-0.175;0.059;0.007;0.073;0.001;0.186;-0.006;-0.01;0.002;0.021;0.001;0.204;0.091;0.144;0.007;0.04;0.5;0.028;-0.002;0.112;0.533;0.016;0.002;0.052;0.011;0.023;0.002;0.023;0.013;0.91;-0.247;-0.018;0;0.061;0;0.765;-0.226;0.036;0.004;0.253;0.004;0.348;-0.213;-0.024;0.005;0.105;0.002;0.357;-0.208;-0.03;0.001;0.156;0.002;0.27;-0.279;-0.063;0.001;0.033;0.001;0.294;-0.198;0.136;0.006;0.086;0.02;0.227
65;0.066;0.065;0.039;0.177;0.011;0.069;0.055;0.04;0.002;0.033;0.011;0.675;-0.115;0.043;0.114;0.082;0.004;0.222;-0.334;0.022;0;0.307;0.009;0.515;-0.077;0.032;0.001;0.095;0.009;0.7;-0.131;-0.096;0.003;0.11;0.002;0.398;-0.334;0.043;0.001;0.031;0;0.355;-0.164;0.204;0.002;0.258;0.005;0.254;-0.162;0.013;0.005;0.001;0;0.008;-0.043;0.026;0.065;0.016;0.006;0.369;-0.209;0.109;0.001;0.132;0.009;0.177;-0.078;-0.004;0.395;0.031;0.015;0.416;-0.099;0.073;0.004;0.03;0;0.342;0.486;0.032;0.951;0.002;0.004;0.006;-0.006;0.051;0.227;0.009;0.003;0.087;-0.017;-0.013;0.009;0.104;0.001;0.39;-0.477;-0.023;0;0.086;0.036;0.743;-0.167;-0.152;0.002;0.269;0.004;0.385;-0.156;0.106;0.005;0.095;0.001;0.254;-0.087;0.078;0.009;0.041;0.001;0.132;-0.001;-0.011;0.001;0.021;0.001;0.237;0.175;0.085;0.037;0.026;0.545;0.022;0.1;-0.034;0.051;0.029;0.001;0.23;-0.011;0.103;0.002;0.015;0.008;0.923;-0.235;-0.039;0;0.083;0;0.764;-0.136;0.203;0.079;0.096;0.006;0.114;-0.225;-0.049;0.007;0.124;0.002;0.277;-0.159;-0.018;0.002;0.098;0.002;0.234;-0.32;-0.053;0.001;0.032;0;0.291;-0.118;0.071;0.009;0.07;0.033;0.096
66;0.014;0.045;0.003;0.328;0.014;0.103;0.066;0.035;0.002;0.024;0.006;0.551;-0.111;0.121;0.149;0.047;0.003;0.272;-0.332;0.025;0;0.327;0.009;0.5;-0.109;0.088;0.001;0.124;0.013;0.635;-0.159;-0.009;0.008;0.106;0.003;0.273;-0.327;0.041;0.001;0.031;0;0.375;-0.143;0.223;0.002;0.217;0.004;0.312;-0.145;0.012;0.003;0.001;0;0.005;0;-0.028;0.007;0.026;0.002;0.719;-0.21;0.126;0.001;0.161;0.009;0.248;-0.125;-0.007;0.803;0.008;0.006;0.08;-0.064;0.04;0.017;0.019;0;0.221;0.477;0.04;0.883;0.007;0.009;0.018;0.025;0.041;0.284;0.006;0.003;0.056;-0.039;-0.013;0.008;0.121;0.001;0.375;-0.411;-0.025;0;0.11;0.086;0.619;-0.087;0.053;0.011;0.415;0.006;0.198;-0.037;0.073;0.01;0.12;0.001;0.284;-0.094;0.067;0.011;0.117;0.002;0.231;-0.027;-0.009;0.001;0.018;0.001;0.21;0.111;0.168;0.011;0.023;0.781;0.01;0.157;0.026;0.114;0.024;0.003;0.077;-0.083;0.164;0.002;0.021;0.009;0.902;-0.315;-0.067;0;0.093;0;0.784;-0.094;0.165;0.049;0.102;0.008;0.106;-0.219;-0.032;0.005;0.073;0.002;0.296;-0.19;-0.028;0.001;0.14;0.002;0.247;-0.216;-0.017;0.001;0.028;0.001;0.128;-0.104;0.128;0.005;0.107;0.02;0.191
67;0.038;0.055;0.003;0.181;0.017;0.106;0.015;0.056;0.002;0.023;0.006;0.574;-0.073;0.089;0.133;0.077;0.003;0.184;-0.376;0.034;0;0.282;0.01;0.536;-0.139;0.041;0.001;0.169;0.013;0.562;-0.202;0.048;0.011;0.167;0.009;0.31;-0.324;0.03;0.001;0.031;0;0.381;-0.191;0.225;0.002;0.219;0.002;0.365;-0.145;0.008;0.004;0.001;0;0.007;0.025;-0.03;0.013;0.025;0.002;0.558;-0.221;0.118;0.001;0.151;0.009;0.179;-0.099;-0.015;0.78;0.008;0.007;0.103;-0.075;0.017;0.004;0.018;0;0.353;0.479;0.051;0.781;0.021;0.019;0.031;-0.037;0.048;0.059;0.011;0.002;0.106;0.013;-0.005;0.011;0.116;0.001;0.295;-0.412;-0.024;0;0.106;0.08;0.633;0.068;0.058;0.037;0.109;0.003;0.14;0.102;0.067;0.014;0.246;0.001;0.232;-0.109;0.093;0.012;0.085;0.002;0.164;-0.008;0.007;0.001;0.02;0.002;0.204;0.132;0.121;0.016;0.021;0.636;0.015;-0.061;0.046;0.525;0.009;0.003;0.074;-0.072;0.025;0.004;0.022;0.01;0.875;-0.24;-0.026;0;0.109;0;0.756;-0.114;0.161;0.039;0.062;0.011;0.073;-0.268;-0.026;0.005;0.132;0.002;0.284;-0.179;-0.011;0.001;0.119;0.002;0.247;-0.199;-0.006;0.001;0.027;0.001;0.131;-0.182;0.189;0.004;0.162;0.02;0.221
68;0.036;0.061;0.007;0.203;0.017;0.121;0.057;0.085;0.004;0.038;0.018;0.525;-0.064;0.06;0.068;0.074;0.003;0.351;-0.391;0.013;0;0.306;0.01;0.534;-0.171;-0.134;0.001;0.038;0.001;0.783;-0.299;0.006;0.008;0.156;0.006;0.306;-0.353;-0.008;0.001;0.02;0;0.481;-0.138;0.212;0.002;0.214;0.005;0.266;-0.16;0.014;0.004;0.001;0;0.006;-0.024;-0.042;0.001;0.028;0.001;0.732;-0.191;0.144;0.001;0.169;0.009;0.252;-0.084;0.001;0.805;0.007;0.005;0.066;-0.079;0.008;0.005;0.022;0;0.248;0.469;0.047;0.835;0.018;0.012;0.02;-0.021;0.133;0.043;0.014;0.002;0.137;-0.042;-0.013;0.012;0.129;0.001;0.303;-0.402;-0.03;0;0.087;0.065;0.679;-0.097;0.058;0.008;0.425;0.008;0.145;0.037;0.079;0.017;0.149;0.001;0.229;-0.122;0.065;0.011;0.063;0.001;0.129;-0.007;0.003;0.002;0.02;0.001;0.192;0.156;0.145;0.008;0.022;0.799;0.01;0.315;0.007;0.899;0.001;0.001;0.009;-0.064;0.097;0.003;0.021;0.011;0.892;-0.235;-0.035;0;0.093;0;0.75;-0.121;0.191;0.058;0.062;0.009;0.094;-0.234;-0.033;0.007;0.088;0.002;0.274;-0.147;-0.018;0.002;0.075;0.002;0.231;-0.21;0.004;0.001;0.025;0.002;0.136;-0.153;0.223;0.004;0.086;0.023;0.119
69;0.04;0.062;0.005;0.191;0.018;0.123;0.053;0.047;0.002;0.021;0.006;0.599;-0.112;0.048;0.084;0.037;0.004;0.168;-0.384;0.015;0;0.286;0.011;0.539;-0.095;0.04;0.001;0.107;0.006;0.665;-0.295;0.014;0.008;0.142;0.008;0.303;-0.324;0.034;0.001;0.033;0;0.416;-0.151;0.187;0.002;0.208;0.004;0.284;-0.144;0.023;0.004;0.002;0;0.009;-0.114;-0.019;0.002;0.026;0.001;0.732;-0.165;0.122;0.001;0.141;0.008;0.185;-0.007;0.001;0.654;0.018;0.008;0.155;-0.115;0.015;0.003;0.021;0;0.299;0.472;0.036;0.879;0.011;0.007;0.015;-0.021;0.131;0.04;0.015;0.002;0.142;-0.02;-0.011;0.013;0.119;0.001;0.28;-0.395;-0.031;0;0.086;0.061;0.686;-0.118;0.044;0.011;0.322;0.006;0.21;0.078;0.058;0.004;0.091;0.001;0.301;-0.158;0.043;0.008;0.058;0.001;0.185;-0.004;0.004;0.001;0.019;0.001;0.213;0.073;0.171;0.009;0.017;0.798;0.01;0.238;-0.069;0.755;0.002;0.001;0.024;-0.06;0.104;0.002;0.019;0.012;0.905;-0.287;-0.188;0;0.009;0;0.898;-0.087;0.22;0.11;0.069;0.013;0.086;-0.129;-0.013;0.046;0.079;0.003;0.376;-0.157;-0.032;0.002;0.077;0.002;0.238;-0.303;-0.077;0.002;0.022;0;0.225;-0.166;0.21;0.004;0.097;0.017;0.142
70;-0.042;0.009;0.001;0.277;0.019;0.136;0.036;0.052;0.002;0.025;0.005;0.489;-0.099;0.058;0.362;0.03;0.003;0.124;-0.367;0.024;0;0.286;0.009;0.549;-0.09;0.014;0.001;0.127;0.006;0.695;-0.289;-0.009;0.009;0.212;0.007;0.3;-0.337;0.035;0.001;0.029;0;0.423;-0.182;0.217;0.002;0.219;0.004;0.251;-0.137;0.008;0.004;0.002;0;0.017;-0.113;-0.041;0.001;0.028;0.001;0.757;-0.204;0.141;0.001;0.123;0.009;0.198;0.065;0.004;0.946;0.001;0.002;0.015;-0.052;0.002;0.004;0.024;0;0.281;0.475;0.044;0.895;0.007;0.006;0.015;-0.2;0.2;0.064;0.016;0.009;0.328;-0.052;-0.013;0.009;0.107;0.001;0.279;-0.395;-0.032;0;0.083;0.058;0.696;-0.144;0.04;0.014;0.313;0.007;0.214;-0.008;0.063;0.002;0.168;0.001;0.289;-0.096;0.083;0.015;0.078;0.002;0.152;-0.011;0.018;0.002;0.02;0.003;0.192;0.1;0.142;0.011;0.026;0.749;0.014;0.217;0.011;0.904;0.002;0.002;0.016;0.006;-0.058;0.002;0.009;0.004;0.953;-0.233;-0.042;0;0.076;0;0.699;-0.228;0.159;0.111;0.13;0.005;0.113;-0.128;-0.011;0.122;0.118;0.003;0.163;-0.174;-0.031;0.002;0.153;0.002;0.251;-0.244;-0.031;0.001;0.045;0.001;0.18;-0.142;0.171;0.003;0.157;0.022;0.212
71;0.002;0.076;0.004;0.238;0.011;0.139;0.067;0.045;0.004;0.037;0.017;0.633;-0.03;0.086;0.456;0.009;0.003;0.075;-0.367;0.019;0;0.326;0.009;0.502;-0.102;0.008;0.001;0.111;0.01;0.666;-0.288;0.031;0.004;0.165;0.012;0.304;-0.335;0.032;0.001;0.027;0;0.43;-0.176;0.165;0.002;0.214;0.003;0.295;-0.147;0.013;0.004;0.001;0;0.006;-0.107;-0.039;0.001;0.027;0.001;0.723;-0.126;0.103;0.001;0.177;0.008;0.213;0.181;0.005;0.956;0.001;0.005;0.013;-0.083;0.023;0.003;0.02;0;0.332;0.474;0.037;0.849;0.009;0.007;0.024;-0.19;0.094;0.006;0.015;0.001;0.319;0.021;-0.017;0.012;0.119;0.001;0.273;-0.396;-0.032;0;0.082;0.059;0.693;-0.079;0.05;0.012;0.373;0.008;0.154;0.157;0.075;0.022;0.073;0.001;0.323;-0.092;0.052;0.02;0.056;0.001;0.166;-0.022;0.023;0.002;0.021;0.005;0.199;0.263;0.054;0.149;0.011;0.075;0.024;0.051;0.021;0.676;0.011;0.004;0.061;-0.094;-0.014;0.015;0.035;0.015;0.812;-0.223;-0.043;0;0.079;0;0.681;-0.21;0.087;0.004;0.276;0.013;0.412;-0.102;-0.015;0.116;0.049;0.003;0.184;-0.187;-0.024;0.001;0.136;0.002;0.245;-0.233;-0.035;0.001;0.033;0.001;0.186;-0.192;0.173;0.002;0.199;0.023;0.281
72;0.021;0.078;0.003;0.235;0.011;0.151;0.068;0.036;0.002;0.026;0.006;0.587;0.047;0.126;0.385;0.004;0.003;0.128;-0.319;0.007;0;0.251;0.007;0.534;-0.154;-0.007;0.002;0.172;0.011;0.553;-0.298;0.024;0.007;0.158;0.011;0.291;-0.3;0.022;0.001;0.028;0;0.407;-0.148;0.2;0.002;0.211;0.004;0.311;-0.137;-0.028;0.006;0.006;0;0.045;-0.129;-0.058;0.001;0.025;0.001;0.785;-0.211;0.121;0.001;0.196;0.009;0.252;0.036;0.006;0.928;0.001;0.003;0.018;-0.087;-0.011;0.003;0.025;0;0.323;0.43;0.039;0.592;0.044;0.025;0.076;-0.147;0.089;0.005;0.026;0.001;0.353;-0.042;-0.023;0.005;0.096;0;0.352;-0.459;-0.082;0;0.038;0.001;0.831;-0.068;0.063;0.006;0.509;0.007;0.161;0.151;0.066;0.008;0.039;0;0.546;-0.14;0.057;0.016;0.088;0.002;0.149;-0.017;0.016;0.002;0.022;0.003;0.204;0.455;0.054;0.691;0.001;0.011;0.007;-0.035;-0.188;0.082;0.045;0.003;0.443;-0.054;-0.033;0.048;0.032;0.022;0.61;-0.236;-0.039;0;0.09;0;0.624;-0.23;0.125;0.004;0.252;0.014;0.321;-0.166;-0.018;0.022;0.206;0.004;0.26;-0.194;-0.029;0.001;0.091;0.002;0.276;-0.238;-0.031;0.001;0.029;0.001;0.196;-0.197;0.232;0.002;0.177;0.02;0.244
73;-0.02;0.063;0.001;0.229;0.016;0.152;0.063;0.019;0.004;0.024;0.002;0.489;0.019;0.052;0.545;0.003;0.003;0.11;-0.327;0.018;0;0.241;0.007;0.61;-0.173;-0.011;0.001;0.296;0.007;0.547;-0.262;0.007;0.019;0.13;0.008;0.259;-0.306;0.006;0.001;0.028;0;0.426;-0.181;0.211;0.003;0.202;0.004;0.268;-0.153;0.004;0.003;0.002;0;0.012;-0.115;-0.017;0.001;0.039;0.001;0.764;-0.193;0.112;0.001;0.138;0.008;0.187;0.127;-0.013;0.975;0;0.002;0.005;-0.099;0.016;0.003;0.022;0;0.367;0.418;0.045;0.258;0.12;0.031;0.145;-0.126;0.107;0.006;0.03;0.001;0.307;0.024;-0.017;0.008;0.1;0.001;0.314;-0.461;-0.083;0;0.036;0.001;0.835;-0.159;0.039;0.012;0.265;0.005;0.214;0.145;0.074;0.013;0.051;0.001;0.396;-0.129;0.048;0.014;0.073;0.002;0.136;-0.068;0.012;0.002;0.025;0.003;0.226;0.356;-0.001;0.481;0.004;0.003;0.025;-0.164;0.033;0.031;0.028;0.001;0.13;-0.076;-0.084;0.014;0.016;0.011;0.836;-0.302;-0.018;0;0.087;0;0.754;-0.181;0.091;0.005;0.244;0.022;0.27;-0.195;-0.025;0.008;0.08;0.002;0.686;-0.216;-0.019;0.001;0.1;0.002;0.248;-0.266;-0.05;0.001;0.033;0.001;0.249;-0.204;0.185;0.002;0.173;0.024;0.213
74;0.066;0.071;0.003;0.211;0.012;0.132;0.04;0.028;0.009;0.025;0.005;0.439;0.318;0.066;0.784;0.001;0.001;0.027;-0.335;0.01;0.001;0.248;0.008;0.591;-0.194;-0.01;0;0.159;0.003;0.727;-0.149;-0.03;0.007;0.205;0.016;0.332;-0.305;0.01;0.001;0.033;0;0.425;-0.194;0.2;0.002;0.242;0.004;0.262;-0.19;-0.006;0.004;0.002;0;0.019;-0.093;-0.018;0.001;0.052;0.001;0.766;-0.202;0.123;0.001;0.182;0.01;0.281;0.026;-0.01;0.964;0.001;0.002;0.007;-0.091;0.022;0.005;0.022;0;0.323;0.426;0.048;0.838;0.008;0.008;0.026;-0.1;0.115;0.002;0.039;0.001;0.491;-0.07;-0.017;0.001;0.107;0;0.345;-0.462;-0.083;0;0.036;0.001;0.836;-0.047;0.058;0.011;0.334;0.006;0.172;-0.149;0.072;0.002;0.166;0.001;0.36;-0.111;0.061;0.012;0.081;0.002;0.159;-0.078;-0.016;0.001;0.029;0.001;0.334;0.24;0.016;0.196;0.012;0.002;0.044;-0.216;-0.194;0.003;0.039;0.001;0.397;-0.057;0.003;0.015;0.034;0.026;0.685;-0.272;-0.114;0;0.013;0;0.888;-0.225;0.066;0.007;0.232;0.016;0.266;-0.117;0.001;0.073;0.137;0.004;0.183;-0.191;-0.019;0.001;0.141;0.002;0.248;-0.348;-0.067;0.003;0.032;0;0.17;-0.101;0.101;0.002;0.187;0.025;0.232
75;-0.052;0.046;0.001;0.229;0.017;0.133;0.113;0.028;0.015;0.022;0.009;0.487;0.292;0.053;0.804;0.002;0.002;0.053;-0.259;-0.006;0.001;0.078;0.003;0.731;-0.193;0.069;0.001;0.186;0.011;0.643;-0.173;0.003;0.006;0.242;0.028;0.283;-0.301;0.027;0.001;0.022;0;0.452;-0.171;0.207;0.002;0.238;0.006;0.281;-0.157;0.011;0.004;0.002;0;0.014;-0.085;0;0.001;0.048;0.001;0.775;-0.205;0.118;0.001;0.111;0.008;0.165;0.089;0;0.968;0;0.001;0.005;-0.052;0.047;0.012;0.021;0;0.252;0.475;0.033;0.947;0.001;0.002;0.006;-0.061;0.139;0.028;0.028;0.006;0.547;-0.206;-0.003;0.001;0.091;0;0.251;-0.397;-0.041;0;0.047;0.018;0.841;-0.085;0.061;0.012;0.302;0.005;0.219;-0.163;0.13;0.001;0.163;0;0.4;-0.119;0.059;0.007;0.068;0.002;0.138;-0.044;0.001;0.002;0.024;0.002;0.233;0.109;0.053;0.13;0.057;0.003;0.092;-0.207;0.031;0.01;0.025;0.001;0.114;0.086;0.053;0.023;0.025;0.041;0.771;-0.308;-0.036;0;0.055;0;0.829;-0.232;0.07;0.004;0.289;0.017;0.289;-0.08;0.011;0.022;0.015;0.005;0.099;-0.185;-0.032;0.001;0.102;0.001;0.269;-0.273;-0.045;0.001;0.033;0.001;0.237;-0.121;0.121;0.002;0.187;0.015;0.274
76;0.005;0.056;0.002;0.141;0.013;0.094;0.312;0.033;0.183;0.014;0.02;0.13;0.168;0.087;0.768;0.002;0.002;0.073;-0.271;-0.003;0.001;0.106;0.002;0.756;-0.143;0.03;0.001;0.131;0.013;0.66;-0.163;-0.017;0.009;0.203;0.016;0.294;-0.393;-0.008;0.001;0.019;0;0.526;-0.227;0.138;0.001;0.211;0.002;0.415;-0.173;-0.001;0.005;0.003;0.001;0.02;-0.078;0.003;0.001;0.038;0.001;0.771;-0.208;0.125;0.001;0.146;0.008;0.246;0.063;-0.016;0.959;0.001;0.002;0.007;-0.036;0.025;0.015;0.018;0;0.256;0.46;0.023;0.89;0.004;0.006;0.016;-0.072;0.141;0.035;0.024;0.003;0.424;-0.165;0.006;0.001;0.097;0;0.312;-0.393;-0.035;0;0.039;0.008;0.853;-0.058;0.06;0.007;0.432;0.006;0.206;-0.096;0.07;0.001;0.211;0.001;0.357;-0.118;0.043;0.01;0.076;0.002;0.171;-0.037;0.004;0.001;0.023;0.001;0.257;0.201;0.032;0.099;0.02;0.002;0.065;-0.15;0.062;0.003;0.056;0.001;0.158;0.005;0.018;0.029;0.038;0.033;0.688;-0.252;-0.027;0;0.065;0;0.773;-0.192;0.054;0.005;0.26;0.022;0.24;-0.096;0.01;0.007;0.006;0.003;0.086;-0.224;-0.033;0.002;0.133;0.002;0.262;-0.267;-0.047;0.001;0.034;0.001;0.217;-0.144;0.117;0.002;0.166;0.016;0.265
77;-0.008;0.06;0.002;0.135;0.013;0.087;0.07;0.062;0.02;0.038;0.056;0.268;0.272;0.068;0.901;0.001;0.001;0.017;-0.402;0.026;0;0.237;0.008;0.619;-0.245;0.022;0.001;0.143;0.003;0.752;-0.102;0.14;0.002;0.099;0.106;0.072;-0.318;0.029;0.001;0.023;0;0.471;-0.209;0.156;0.002;0.172;0.002;0.373;-0.174;0;0.004;0.002;0;0.015;-0.092;0.006;0.001;0.038;0.001;0.792;-0.218;0.098;0.001;0.16;0.009;0.16;0.104;-0.007;0.972;0;0.001;0.004;-0.049;0.032;0.01;0.02;0;0.29;0.387;0.032;0.889;0.013;0.011;0.016;-0.127;0.079;0.005;0.032;0.002;0.456;-0.152;-0.008;0.001;0.156;0.001;0.534;-0.393;-0.034;0;0.038;0.008;0.855;-0.115;0.053;0.01;0.341;0.005;0.201;-0.069;0.071;0.002;0.154;0;0.35;-0.107;0.045;0.007;0.078;0.001;0.201;-0.022;0.012;0.002;0.021;0.001;0.216;0.286;0.044;0.142;0.018;0.003;0.068;-0.147;0.015;0.002;0.05;0.001;0.34;0.146;0.027;0.04;0.029;0.052;0.675;-0.257;-0.036;0;0.056;0;0.791;-0.222;0.039;0.003;0.275;0.011;0.303;-0.053;0.008;0.232;0.006;0.005;0.052;-0.228;-0.036;0.001;0.125;0.002;0.255;-0.229;-0.043;0.001;0.039;0.001;0.283;-0.111;0.087;0.001;0.117;0.023;0.154
78;0.001;0.06;0.002;0.162;0.014;0.116;0.088;0.034;0.011;0.032;0.028;0.484;0.247;0.064;0.842;0.002;0.001;0.047;-0.368;0.017;0;0.233;0.005;0.66;-0.135;0.05;0.001;0.205;0.007;0.633;-0.129;0.175;0.002;0.097;0.136;0.086;-0.317;0.002;0.001;0.019;0;0.518;-0.201;0.198;0.002;0.296;0.004;0.294;-0.159;0.019;0.002;0.001;0;0.007;-0.082;-0.026;0.001;0.031;0.001;0.853;-0.207;0.102;0.001;0.189;0.009;0.218;0.002;-0.008;0.979;0;0.001;0.002;-0.025;0.066;0.012;0.025;0.001;0.187;0.345;0.044;0.72;0.038;0.048;0.036;-0.063;0.137;0.002;0.049;0.002;0.507;-0.208;0.012;0.002;0.083;0.001;0.204;-0.353;-0.052;0;0.052;0.023;0.792;-0.117;0.05;0.005;0.446;0.005;0.25;-0.099;0.082;0.001;0.148;0;0.41;-0.094;0.059;0.01;0.04;0.001;0.117;-0.043;0.015;0.001;0.021;0.002;0.238;-0.078;0.018;0.021;0.132;0.002;0.154;-0.202;0.017;0.003;0.045;0.001;0.23;0.167;0.05;0.042;0.026;0.062;0.67;-0.243;0.009;0;0.077;0;0.806;-0.237;0.022;0.002;0.311;0.011;0.316;-0.005;0.036;0.624;0.006;0.004;0.08;-0.197;-0.025;0.001;0.141;0.002;0.243;-0.243;-0.05;0.001;0.035;0.001;0.227;-0.127;0.12;0.001;0.136;0.013;0.219
79;-0.043;0.048;0.001;0.211;0.012;0.13;0.073;0.042;0.011;0.027;0.029;0.549;0.189;0.041;0.789;0.002;0.001;0.043;-0.358;-0.003;0;0.206;0.005;0.639;-0.116;0.048;0.001;0.162;0.01;0.677;-0.229;-0.019;0.012;0.223;0.008;0.267;-0.288;0.028;0.001;0.024;0;0.45;-0.153;0.201;0.002;0.183;0.004;0.231;-0.16;0.007;0.002;0.002;0;0.009;-0.062;-0.026;0.001;0.029;0.001;0.853;-0.163;0.113;0.001;0.124;0.008;0.18;0.036;-0.01;0.965;0.001;0.002;0.009;0.02;0.047;0.013;0.021;0;0.25;0.367;0.041;0.89;0.012;0.017;0.016;-0.174;0.179;0.001;0.028;0.001;0.76;-0.235;-0.011;0.001;0.066;0;0.326;-0.356;-0.05;0;0.053;0.022;0.795;-0.047;0.05;0.009;0.295;0.005;0.168;-0.2;0.147;0.001;0.193;0.001;0.355;-0.134;0.049;0.014;0.078;0.002;0.181;-0.017;0.019;0.001;0.018;0.002;0.224;-0.061;0.004;0.019;0.065;0.001;0.171;-0.224;0.023;0.002;0.045;0.001;0.187;-0.01;0.068;0.024;0.035;0.047;0.709;-0.249;0.003;0;0.077;0.001;0.785;-0.267;0.021;0.001;0.28;0.012;0.343;-0.021;0.02;0.262;0.007;0.007;0.051;-0.206;-0.042;0.001;0.089;0.002;0.245;-0.238;-0.045;0.001;0.035;0.001;0.223;-0.125;0.105;0.001;0.114;0.016;0.176
80;-0.026;0.053;0.001;0.2;0.013;0.154;0.06;0.027;0.004;0.018;0.005;0.604;;;;;;;-0.352;0.034;0;0.345;0.007;0.498;-0.218;-0.146;0;0.055;0.001;0.778;-0.209;-0.006;0.013;0.181;0.007;0.294;-0.307;0.015;0.001;0.022;0;0.518;-0.168;0.146;0.002;0.112;0.002;0.245;-0.171;0.012;0.003;0.003;0.001;0.011;-0.046;-0.053;0.001;0.035;0.001;0.849;-0.159;0.122;0.001;0.106;0.013;0.178;-0.092;-0.014;0.447;0.027;0.013;0.38;-0.007;0.024;0.012;0.018;0;0.218;0.408;0.048;0.875;0.014;0.01;0.019;-0.104;0.127;0.004;0.028;0.002;0.45;-0.129;-0.021;0.001;0.09;0;0.343;-0.356;-0.05;0;0.056;0.023;0.788;-0.171;-0.147;0.002;0.166;0.003;0.399;-0.327;0.224;0.002;0.156;0.001;0.309;-0.134;0.045;0.01;0.086;0.002;0.186;-0.058;-0.007;0.002;0.027;0.001;0.25;-0.298;0.017;0.001;0.272;0.002;0.242;-0.139;0.042;0.002;0.027;0.001;0.078;0.481;0.054;0.989;0;0.001;0;-0.389;-0.036;0;0.175;0.001;0.731;-0.212;0.051;0.004;0.293;0.018;0.304;-0.052;0.009;0.133;0.004;0.006;0.032;-0.203;-0.036;0.001;0.104;0.002;0.251;-0.268;-0.063;0.001;0.029;0.001;0.27;-0.117;0.077;0.002;0.145;0.012;0.227
81;-0.198;0.045;0;0.427;0.013;0.292;0.096;0.047;0.005;0.022;0.012;0.612;;;;;;;-0.37;0.003;0;0.188;0.006;0.668;-0.036;0.021;0.003;0.136;0.012;0.563;-0.248;-0.003;0.007;0.179;0.006;0.354;-0.292;0.026;0.001;0.021;0;0.451;-0.181;0.22;0.002;0.109;0.002;0.177;-0.166;0.015;0.002;0.002;0;0.007;-0.055;-0.044;0.001;0.028;0.001;0.865;-0.222;0.104;0.001;0.166;0.007;0.186;-0.084;-0.029;0.78;0.008;0.008;0.136;-0.082;0.043;0.011;0.017;0;0.281;0.361;0.053;0.634;0.046;0.022;0.067;-0.104;0.082;0.002;0.029;0.001;0.456;-0.2;-0.021;0.001;0.07;0;0.429;-0.431;-0.05;0.001;0.077;0.051;0.719;-0.232;-0.065;0.005;0.296;0.004;0.177;-0.205;0.083;0.001;0.046;0;0.399;-0.249;-0.029;0.004;0.029;0.001;0.382;-0.054;-0.008;0.001;0.027;0.001;0.252;-0.108;0.008;0.007;0.085;0.001;0.119;0.03;0.134;0.039;0.009;0.013;0.037;0.184;0.077;0.874;0.003;0.028;0.029;-0.397;-0.042;0;0.19;0.001;0.689;-0.255;0.061;0.002;0.299;0.014;0.279;-0.016;0.012;0.121;0.003;0.004;0.022;-0.213;-0.021;0.001;0.076;0.001;0.303;-0.242;-0.06;0.001;0.036;0.001;0.236;-0.191;0.102;0.002;0.139;0.029;0.172
82;-0.226;0.096;0;0.322;0.01;0.118;0.043;0.036;0.008;0.029;0.027;0.543;;;;;;;-0.424;0.037;0;0.332;0.007;0.531;-0.078;0.044;0.002;0.141;0.02;0.5;-0.229;-0.001;0.011;0.146;0.006;0.312;-0.307;0.024;0.001;0.027;0;0.41;-0.162;0.154;0.002;0.179;0.003;0.241;-0.149;0;0.004;0.003;0.001;0.019;-0.164;0.032;0.007;0.034;0.004;0.631;-0.174;0.119;0.001;0.165;0.007;0.217;-0.06;-0.033;0.535;0.015;0.006;0.223;-0.028;0.012;0.016;0.016;0;0.226;0.381;0.04;0.787;0.021;0.019;0.038;-0.159;0.07;0.002;0.026;0.001;0.476;-0.028;0.043;0.002;0.157;0.001;0.158;-0.41;-0.049;0.001;0.058;0.038;0.749;-0.253;-0.016;0.008;0.207;0.002;0.173;-0.135;0.071;0.002;0.054;0;0.325;;;;;;;-0.05;-0.012;0.001;0.025;0.001;0.247;0.017;-0.008;0.072;0.024;0.001;0.09;0.171;0.021;0.158;0.017;0.006;0.373;0.022;0.041;0.054;0.015;0.017;0.684;;;;;;;-0.209;0.046;0.004;0.306;0.021;0.254;0.046;0.037;0.553;0.009;0.005;0.106;-0.112;0.022;0.001;0.026;0.003;0.203;-0.261;-0.084;0.001;0.032;0.001;0.249;-0.163;0.092;0.003;0.079;0.023;0.15